CODGEO;NBMENFISC17;NBPERSMENFISC17;MED17;PIMP17;TP6017;TP60AGE117;TP60AGE217;TP60AGE317;TP60AGE417;TP60AGE517;TP60AGE617;TP60TOL117;TP60TOL217;PACT17;PTSA17;PCHO17;PBEN17;PPEN17;PPAT17;PPSOC17;PPFAM17;PPMINI17;PPLOGT17;PIMPOT17;D117;D917;RD17
001;5087511;12372835;23210;63.8;15;18.8;15.9;17.1;15.6;12;8;5.5;25;85.5;77.4;3.1;5;21.5;10.5;4.5;1.9;1.5;1.1;-22;10870;46980;4.3
002;947330;2236788;22510;57.3;12.7;19.9;14.2;14.8;12.4;8.1;6.9;5;24.4;78.4;70.6;3.2;4.6;24.3;10.2;5.2;2.3;1.6;1.3;-18.1;11720;40650;3.5
003;738953;1703130;20880;52.4;18.5;27.2;21.5;21.4;19.2;13;10.7;6.4;32.2;73.9;64;3.8;6.1;27.8;9.9;6.7;2.2;2.7;1.8;-18.3;10140;38890;3.8
004;571563;1295887;22710;56.1;12.4;23.4;12.9;13.1;11.4;8.3;9.1;5;24.4;80.8;72.1;3.2;5.5;22.5;9.4;5.3;2;1.9;1.4;-18;11790;40250;3.4
005;474839;1126619;20600;50.4;17.8;28;19.2;20.1;17.8;11.7;9.3;6.6;33.2;77.6;69;3.3;5.3;23.4;8.7;7.4;2.7;2.8;1.9;-17.1;10450;38410;3.7
006;539414;1218993;22250;55.4;11.9;22.1;13;12.6;11.5;7.7;7.6;5;22.4;77.6;68.3;3.5;5.8;26;9.1;5;1.8;1.9;1.3;-17.7;12000;39000;3.3
007;479613;1027186;21600;55.3;15.5;22.2;17.8;17.5;16;12.5;10.6;7.9;25.4;71.2;61.2;3.4;6.6;30;13.5;4.8;1.6;2;1.2;-19.5;10820;40770;3.8
008;403934;939278;22410;54.9;10;18.1;10.8;10.8;9.4;6.1;6.5;5;23.2;79.4;71.4;3.1;4.9;24;8.6;5;2.2;1.6;1.2;-17;12660;37950;3
009;325080;747322;21990;55.9;14.5;23.3;18.4;17.5;13.1;8.9;6.4;5;26.7;76;67.8;3;5.2;26.8;9.9;5.2;2;1.8;1.4;-17.9;11160;39330;3.5
010;289671;664701;22840;57.6;11.3;21.4;13;12.8;10.7;6.9;6.7;5;24.2;75.4;68;2.9;4.5;27;10.3;4.7;2;1.5;1.2;-17.4;12180;40080;3.3
011;296528;693563;21990;53.6;10.4;21.8;11.7;10.8;8.9;5.8;6.4;5;24.3;79.4;71.4;2.9;5.1;23.9;8.4;5.3;2.3;1.7;1.3;-17;12510;36970;3
012;277415;630829;21190;51.9;14.1;23.5;16.2;16.7;13.4;8.9;6.7;5;27.8;73.6;65.6;3.1;4.9;28.9;7.1;6.4;2.4;2.3;1.7;-16;11320;36360;3.2
013;291842;627156;21230;52.2;15;23.1;18.6;18.2;15.6;11.3;8.7;6.5;26.7;64.4;54.7;3.3;6.4;36;11.7;5.4;1.7;2.3;1.4;-17.5;11000;37810;3.4
014;219150;535736;17720;37.5;22;33.9;25.8;25.1;21.9;13.9;12.2;8.2;36.4;68.4;61.2;3.7;3.5;29;5;10.6;3.6;4.2;2.8;-13;10130;29750;2.9
015;255830;568731;21150;51.9;16.9;28.8;18.3;19.1;16.9;11.9;9.8;6.9;29.8;74.5;63.5;3.8;7.2;27.2;10.2;6.3;2.1;2.4;1.8;-18.2;10510;39320;3.7
016;230495;536517;19700;46.4;18.8;25.9;21.8;21.9;18.2;15.2;11.3;8.5;32.5;69;58.6;3.9;6.5;29.3;11.2;6.7;2.4;2.5;1.8;-16.2;10260;35440;3.5
017;216985;498448;20260;46.3;15.5;25.6;18.5;18.8;15.3;9.2;8.7;6;31.2;68.8;61;3.1;4.7;30.6;9.1;6.8;2.7;2.3;1.8;-15.3;11030;34250;3.1
018;217452;484403;21440;52.4;12.6;23.7;14.8;14.3;12.1;7.5;6.7;5;26.8;72.4;64.8;3;4.6;30.1;8.7;5.4;2.1;1.9;1.4;-16.6;11770;36850;3.1
019;211045;459964;22080;54.6;11.8;23.2;13.5;12.9;11.2;7.3;7.2;5;25.9;72.7;65.2;2.7;4.8;29.6;9.7;4.9;1.9;1.7;1.3;-16.9;12000;37880;3.2
020;181918;397589;21500;53.2;13.9;27.9;16.6;16.2;12.5;7.8;6.3;5;29.3;73.3;65;2.7;5.6;29.8;8.5;5.8;2;2.2;1.6;-17.4;11320;37390;3.3
021;183710;432166;21910;56.9;12.7;21.7;15.6;14.8;11.3;7.7;5.4;5;27.6;74.8;68;2.9;3.9;28.2;8.5;5.3;2.4;1.6;1.3;-16.8;11740;37350;3.2
022;174992;396587;21520;53;11.3;21.9;13;13;11.2;6.4;5.7;5;23.6;72.4;64.2;3;5.2;30;8.2;5.4;2.2;1.8;1.4;-16;12200;36330;3
023;173141;400475;21040;49;11.9;22.3;14.2;13.4;11.2;6.6;6.1;5;25.6;72.5;64.1;3.1;5.3;28.8;8.3;5.9;2.5;1.9;1.5;-15.5;12000;35620;3
024;163728;367236;21540;49.6;14.5;24.8;19.3;17.3;12.6;8.5;7.6;5.7;27.7;66.4;58.5;3.1;4.8;27.1;16.6;5.3;1.8;2;1.5;-15.4;11180;38840;3.5
025;162238;356797;22120;56.8;11.1;20.5;13;12.7;10.8;6.4;6.2;5;24.4;73.4;65.3;2.6;5.5;30.2;9;4.7;1.9;1.6;1.2;-17.3;12290;37630;3.1
026;146023;354585;17630;37.7;23.5;37.4;27.4;27;22.5;14.8;12.4;10.2;40.1;68;60.3;3.7;4;28.2;6.2;10.8;3.6;4.4;2.8;-13.2;9860;30630;3.1
027;150481;365303;18990;41;17.8;29.8;21.1;19.8;17;10.9;11;7.2;35.3;71.3;63.8;3.1;4.4;28.4;6.3;8.1;3;3;2.1;-14.1;10780;31560;2.9
028;148093;339576;20980;50.6;13.3;23.8;16.2;16;12.7;7.2;5.9;5;31.2;70.7;63.6;2.8;4.3;31.2;7.7;5.9;2.5;1.9;1.5;-15.5;11570;34270;3
029;134367;302736;21080;52.8;15.3;27.6;18.7;17;14;8.5;7;5;27.2;75.1;64.9;2.9;7.3;26.7;9.5;6.2;2.3;2.2;1.7;-17.5;10980;38400;3.5
030;138157;305343;21560;51.7;10.6;22.1;12.3;11.2;9.9;5.9;6.7;5;26.3;72;63.3;3.1;5.6;30.8;7.9;5.5;2.2;1.9;1.4;-16.2;12470;35790;2.9
031;143214;310056;18740;42.2;21.3;34.6;25.7;25.2;22.5;14.1;13.7;10.4;37.7;62.1;51.1;3.8;7.2;35;9.9;8.6;2.4;3.8;2.4;-15.6;9850;33260;3.4
032;122689;279527;20760;50.9;15.2;27.5;19.3;16.9;14;9.1;7.3;5;29.6;71.5;63.6;3.4;4.5;29.8;7.1;7.2;2.5;2.8;1.9;-15.6;11100;35480;3.2
033;119434;273819;20430;50.1;16.2;30.5;19.1;18.1;15.5;9.6;8.2;6;32;73.3;64.5;3.1;5.7;27.8;8.4;6.9;2.4;2.8;1.7;-16.4;10860;35600;3.3
034;118723;277421;20720;51.7;17.7;26.2;23.3;22.3;16.3;10.5;7.7;6.8;32.9;74.8;67.1;3.7;4;28.2;7.7;6.5;2.5;2.2;1.8;-17.2;10490;39470;3.8
035;124293;263917;20850;50.4;14.5;28.5;18.6;16.6;13.1;8;8.8;5.4;32.4;68.4;61;2.5;4.9;33.8;7.9;6.1;2;2.5;1.6;-16.2;11220;35220;3.1
036;143607;303535;21550;52.6;11.3;17.5;12.4;13.8;12.4;7.4;7.4;5.9;20.2;66.7;56.8;3.4;6.5;33.6;12.6;4.5;1.5;1.8;1.2;-17.4;12200;38340;3.1
037;124293;294157;30970;48.8;11.7;15.1;11.9;12.1;12;10;8.1;6.5;20.3;88.7;82.4;3.3;3;17.4;7.5;1.9;0.8;0.6;0.5;-15.5;11750;70630;6
038;105986;249516;19490;46.1;16.5;25.6;20.6;19.8;15.7;9.7;8.7;6.1;31.2;70.5;62.5;3.6;4.4;30.1;6.8;7.5;2.8;2.7;2;-14.9;10990;33000;3
039;110030;245306;21060;50.3;13.1;28.1;14.6;13.7;11.8;7.1;8.7;5;29.3;73;65.3;2.8;4.9;29;8.4;5.8;2.3;1.9;1.6;-16.2;11610;35520;3.1
040;113125;257914;19430;45;20.7;30;25.1;24.6;20.1;15.5;10.9;8.2;37;67.6;58;3.6;6;30.8;9.4;8.2;2.6;3.3;2.3;-16;9870;35060;3.6
041;105705;235353;21390;52.7;13.1;26;16.1;14.5;12;7.2;7;5;27.8;73.6;65.1;2.9;5.6;28.7;8.3;5.9;2.3;2.1;1.5;-16.5;11620;36530;3.1
042;107776;237120;21750;52.6;12.2;24.5;13.9;13.5;12.1;7.7;8.7;5.5;25.6;70.1;62.1;3;5;31.4;10.1;5.3;1.8;2.1;1.4;-16.9;11880;38560;3.2
043;100793;218098;21000;49.5;12.1;24;14.8;14.2;12.3;7;7.1;5.1;27.2;65.7;56.8;3.5;5.4;35.7;8.6;5.6;2;2.1;1.5;-15.6;11940;34940;2.9
044;103039;236113;25840;63.4;7.6;11.3;8.5;8.4;7.6;5.4;5;5;14.7;80.6;72.7;2.9;5;22.9;11.7;2.6;1.3;0.7;0.6;-17.8;13850;51820;3.7
045;98966;222146;22940;58.3;10;16.8;11.7;11.9;9.8;6.3;5.6;5;20.3;72;63.6;2.8;5.6;29.3;11.6;4.3;1.8;1.4;1.1;-17.2;12680;40110;3.2
046;104322;228276;21510;52.6;10.4;17.5;12.3;12.3;11.2;6.6;5.6;5;23.1;64.7;56.6;3.1;5;36.2;10.6;4.9;2;1.7;1.2;-16.4;12540;36240;2.9
047;98208;213991;21640;52.8;11.3;21;12.7;13.6;12.1;6.8;6.4;5.1;22.8;67.1;57.9;3.3;5.9;34.1;10.3;5;1.8;1.9;1.3;-16.5;12210;37410;3.1
048;83253;183805;19920;47.9;16.4;29.3;20.7;19.2;15.6;9.6;7.1;5.6;32.5;69.1;59.9;3.4;5.8;30.4;8.9;7.2;2.5;2.7;2;-15.6;10740;34270;3.2
049;81061;177179;20450;47.7;14.2;25.7;18;16.2;13.5;8.6;9.1;6.3;30.6;67.9;59.6;3.2;5.1;32.7;8;6.4;2.1;2.6;1.7;-15;11360;33950;3
050;78346;178715;21190;51.2;13.2;19.7;16.4;16.4;12.5;7.9;7.3;5.5;27.6;70.3;61.7;3.3;5.3;29.6;10.6;5.7;2.3;1.9;1.5;-16.2;11640;36760;3.2
051;75980;169267;20990;50;11.3;20.8;13.8;13;11.2;6.2;7.4;5;27.2;68.3;59.5;3;5.8;33.6;8.4;5.5;2.3;1.9;1.3;-15.8;12210;34670;2.8
052;68392;156219;20370;48.4;14.1;21.7;17.9;17.5;13.6;9.2;6.9;6;29.7;69.3;62.2;3.5;3.6;32.2;6.3;6.6;2.5;2.4;1.7;-14.4;11580;34060;2.9
053;79916;176640;18150;39.1;24;37.7;30.3;28.6;24.5;16.2;13.7;11.4;41.6;60.3;49;3.9;7.4;35.5;10;8.9;2.7;3.8;2.4;-14.7;9330;32350;3.5
054;69178;155662;21900;53.7;10;19.2;11.6;10.4;10;6.2;7.7;5;23.9;74.5;67.4;2.5;4.6;29.2;7.8;5;2;1.8;1.2;-16.5;12660;36620;2.9
055;71162;158837;22150;54.7;10;19.2;12.9;11.9;10.3;5.1;5.3;5;22.4;67.4;58;3;6.4;34.5;10.3;4.7;1.9;1.6;1.2;-16.9;12660;38350;3
056;62663;145311;22040;57.3;11.2;17.8;13.7;13.4;10.8;7;5.1;5;24;74.1;66.3;3;4.8;29;8.6;4.9;2.3;1.5;1.1;-16.6;12220;36640;3
057;62990;136479;21240;53.3;13.4;23.9;17.1;15.8;12.9;8.3;7.4;5.3;29.9;68.6;61.4;2.6;4.6;33;8.5;5.9;2;2.4;1.5;-16;11540;35560;3.1
058;55533;128272;18440;41.8;19.5;35;24.7;22.3;18.2;11.2;10;6.8;34.5;67.7;58.4;3.6;5.7;30.8;8.5;8.6;2.8;3.4;2.4;-15.6;10560;32900;3.1
059;57398;127790;20740;36.5;17.2;23.9;22;21.4;16;10.4;9.8;8;30.5;42.8;36.5;3;3.3;25.2;37.8;5.1;1.5;2.1;1.5;-10.9;10440;40610;3.9
060;58713;130928;20880;51.7;12;19.7;15.3;14.1;10.6;7.7;8.4;5.3;25.7;70.2;61.5;3;5.7;31.8;8.5;5.5;2.2;2;1.3;-16;12040;35130;2.9
061;51816;124664;17040;36.8;26.3;39.9;32.2;31;25.3;17;13.6;12.5;44.5;63.2;54.8;3.8;4.6;30.5;7;12;3.7;5.2;3.1;-12.7;9430;29650;3.1
062;56017;128339;20830;50.7;14.9;26.4;18.8;16.3;14;8.4;8.5;5.4;31.5;73.6;64.6;2.9;6.1;28.6;7.9;6.4;2.4;2.4;1.6;-16.5;11200;36190;3.2
063;52193;124254;18010;40.5;22.8;38.1;28.4;25.5;21.9;11.8;10;9.1;41.1;68.9;60.1;4;4.8;28.4;6.6;10.1;3.4;4;2.7;-14;9910;30780;3.1
064;56228;126007;22050;56.3;13;22.2;17.5;15.6;11.6;7.4;6.1;5;24.4;73.9;65.6;2.8;5.5;28.9;9.8;4.7;1.9;1.6;1.2;-17.3;11700;39640;3.4
065;54724;124799;21330;54.1;13.3;22.6;17.4;16.5;12.6;7.6;6.4;5;30.4;69.4;61.7;2.9;4.8;32.4;8.5;5.6;2.3;2;1.3;-15.9;11480;35830;3.1
066;58965;125923;21580;52.6;10;17.5;11.7;11.6;11;5.7;6.3;5.1;23.1;67.5;58.6;3;5.9;34.5;9.5;4.9;1.9;1.8;1.2;-16.4;12670;36330;2.9
067;52409;124811;20400;51.3;15.8;24.1;19.7;18.4;14.8;9.8;7.3;5.7;30.3;72.7;65;3.2;4.5;28;7.5;7.1;2.8;2.6;1.7;-15.3;10930;33860;3.1
068;52890;117302;21120;51.2;11.6;19.5;14.4;13.9;9.9;7;7.1;5;23.9;71.9;64.6;3;4.3;30.4;6.7;5.9;2.2;2.2;1.5;-14.9;12150;34550;2.8
069;50699;119635;21110;50.3;10.5;18.5;12.8;11.7;10;5.6;6.6;5;25.3;72.8;65.7;2.6;4.5;28.8;8.7;5.3;2.7;1.4;1.2;-15.6;12490;34420;2.8
070;43427;114865;18520;45.3;22.6;29.7;27.1;26.9;21;15.2;9.6;8.6;36.2;72.9;66.5;4;2.4;26.3;4.8;9.9;4.1;3.4;2.4;-13.9;9690;31930;3.3
071;53950;123472;21490;53.5;11.3;17.3;13.9;13.2;11.2;7.2;6.6;5;24.5;70.6;63.3;2.7;4.6;30.8;9.2;5.1;2.3;1.6;1.2;-15.7;12220;35750;2.9
072;53053;113728;20280;46.8;15;29.2;19.6;17;13.9;9.1;10.6;6.7;31.9;65.1;56.3;3.1;5.7;35.5;8.1;6.3;2;2.7;1.6;-15;11150;33630;3
073;47215;105498;21020;51.4;15.3;26.1;19.5;18.1;14.3;8.9;7.9;5.3;30.2;73.6;66.2;3.3;4.1;28.8;7.4;6.3;2.3;2.3;1.7;-16.1;11140;36850;3.3
074;46676;106300;18930;44.6;20;31.9;25;24.9;19.8;11.5;8.4;8.3;37.5;66.7;57.8;3.3;5.6;31.8;7.7;8.4;2.8;3.5;2.1;-14.6;10110;32960;3.3
075;51339;119177;21140;49.7;9.5;16.3;10.5;11;9.2;5.4;7.1;5;23.9;73.7;66.2;2.8;4.7;28.1;8.2;5.4;2.4;1.7;1.3;-15.4;12820;33620;2.6
076;47799;114142;21720;52.6;13.6;20.3;17.7;16;11.4;9.6;8.4;5.8;28.1;72.4;64.9;2.9;4.6;28.3;9.7;5.3;2.4;1.7;1.2;-15.7;11480;37020;3.2
077;46558;110323;20590;51;15.6;24.8;20.6;18.7;14.1;8.5;6;5;31;72.2;64.9;3.3;4;28.7;7.3;7.1;2.8;2.6;1.7;-15.3;10960;34530;3.2
078;52041;112929;18460;39.1;21.2;33.4;26.8;26.8;23.1;14;11.2;10.8;37.6;58.1;48.7;3.8;5.6;37.8;9.9;8.3;2.4;3.7;2.2;-14.1;9860;32030;3.2
079;50040;110210;20510;48;14.8;23.5;17.7;16.6;13.8;10.6;11.3;6.9;28.6;69.3;60.6;3.2;5.5;30.8;9.2;6.2;2.2;2.4;1.6;-15.5;11170;34770;3.1
080;44918;100235;19420;45.1;19.4;32.4;24.5;23.3;17.7;12;9.7;7.6;36.1;67.4;59.1;3;5.3;31.5;7.9;7.9;2.6;3.2;2.1;-14.7;10230;33110;3.2
081;48112;104404;20120;45;14.1;23.2;18;18.4;14.6;8;6.1;6.3;29.9;63.3;56;3;4.3;35.3;10.2;5.9;2.3;2.1;1.5;-14.7;11430;33390;2.9
082;41572;94125;18700;41.6;20.7;35;30.5;28.2;16.9;12.9;10.1;8.6;35;66.2;58.8;3.7;3.7;33.3;7.3;7.4;2.1;3.3;2;-14.2;10110;33960;3.4
083;44768;93827;20360;49.1;14.2;24.6;19.4;17.3;13.9;9;6.8;6.6;29.8;64.2;56.8;2.6;4.8;36.9;7.7;6.5;2;2.9;1.6;-15.3;11360;33170;2.9
084;48917;116635;20610;46.6;9.5;13.4;11;11.8;9.5;5.5;5.2;5;24.2;72.9;65.1;3;4.8;28.1;8.3;5.3;2.7;1.4;1.2;-14.6;12850;32900;2.6
085;46776;100545;20780;49.6;12.3;22.3;14.2;13.9;11.3;8.5;9.8;6.4;25.1;66.8;58.2;2.8;5.8;34.2;9.8;5;1.9;1.8;1.3;-15.8;11960;35150;2.9
086;47717;111180;19970;45.7;16.1;24.3;18.5;18.3;16;11;12;8.1;31.5;69.4;60.1;3.3;6;29.7;9.2;7;2.6;2.7;1.7;-15.3;10910;34070;3.1
087;47131;99911;20640;48.6;13.6;27.3;16.6;15;13.6;8.2;8.9;6.3;27.7;66.2;57.8;3;5.4;34.8;8.7;5.6;1.9;2.2;1.5;-15.3;11560;34580;3
088;44274;100724;21370;54.4;11.8;18.2;15.1;14.1;11.4;7;6.3;5;24.6;71.7;62;2.8;6.9;30.5;9.2;5;2.3;1.5;1.2;-16.4;12080;36380;3
089;40165;93339;21590;55.2;13.6;23.6;17.5;15.4;12.5;8.5;6.6;5;27;75.6;68;3.1;4.5;28;8.5;5.5;2.2;2;1.3;-17.6;11410;38680;3.4
090;37923;80209;21700;54.8;14.1;20.5;15.1;15;13.7;12.2;14.1;7.9;22.6;71.4;61.8;2.5;7.1;31.4;11;4.8;1.3;2.3;1.2;-18.6;11320;39350;3.5
091;45132;97926;20760;48.1;14;29.1;18.7;16.4;13.8;7.6;8.4;6.2;29.9;63.4;54;2.9;6.5;35.9;10.5;5.8;2;2.3;1.5;-15.6;11350;35760;3.1
092;44001;97374;18830;42;20.7;31.2;27.1;23.6;20.9;13.1;14.2;9.8;38.2;63.8;54.4;3.5;5.9;33.9;8.7;8.5;2.6;3.6;2.3;-14.9;10030;32900;3.3
093;41334;88637;20240;48.3;13.7;26;17.8;16.2;12.7;7.9;7.6;5.2;29.8;66.8;59.7;2.9;4.2;33.7;8.2;6.2;2.2;2.4;1.6;-14.9;11500;32860;2.9
094;47371;98200;21300;54.8;15.1;20.9;20.4;20.6;17.9;10.6;7.4;7.9;25.8;55.2;45.5;3.3;6.4;44.4;15.1;4.2;1.4;1.8;1;-18.9;11010;39790;3.6
095;40920;89542;20310;47.6;15.6;28.3;19.2;19;15;8.7;7.7;6.2;31.5;69.4;61.1;3;5.3;31.2;8.3;6.7;2.3;2.6;1.8;-15.6;11050;34410;3.1
096;41175;90494;21060;53.2;12.6;18.8;14.6;15.9;13;8.3;6.3;5.5;27;68.4;60.3;2.6;5.5;33.4;8.9;5.6;2.2;2.1;1.3;-16.3;11830;34930;3
097;36026;76505;19780;46.1;19.2;26.2;22.1;20.6;18.1;15.8;19.1;10.9;29.9;71.9;60.2;2.7;9;28.9;9.9;6.7;1.6;3.3;1.8;-17.4;10130;36540;3.6
098;40080;93895;29640;70.5;8.7;13.3;9.9;9.4;8.2;7.1;5.9;5;20.7;90.6;85.4;3.2;2;23.1;6.7;2;0.8;0.7;0.5;-22.4;13350;58910;4.4
099;36862;88389;18920;42.2;17.7;30.7;20.6;21;16.2;10.5;10.3;7.9;35.9;69.8;61.6;3.1;5.1;28.7;7.6;8;3.1;2.9;2;-14.1;10760;31540;2.9
100;38729;95748;24300;58.3;9.2;11.6;10.1;9.7;8.6;8.2;6.7;5;17.8;84.1;77.3;3.2;3.6;19.3;8.9;3.3;1.7;0.9;0.7;-15.6;12980;47400;3.7
101;43774;93068;18600;40.5;21.2;36.1;26.8;25;21;13.6;13.1;10.3;36.3;60.9;49.9;3.9;7.1;35.5;9.9;8.5;2.3;3.8;2.4;-14.8;9890;33150;3.4
102;43434;92135;19350;43.9;18.9;27.9;23.7;23.2;20.6;13.3;10.3;8.7;31.9;62.1;52;3.8;6.3;36.9;10.1;7.1;2.1;3.1;1.9;-16.2;10210;33930;3.3
103;40454;92425;25780;61.6;9;11.4;9.3;10.4;8.2;7.7;7.1;5;16.9;83.6;76;3.4;4.2;22.1;9.9;2.6;1.2;0.8;0.6;-18.2;13130;51260;3.9
104;38142;84481;21700;53.2;10.8;20.9;11.8;11.3;9.7;7.2;9.9;5;25.1;71.4;61.7;2.3;7.4;29.2;11.1;4.6;1.9;1.6;1.1;-16.3;12360;35700;2.9
105;40579;82189;20160;46.3;15;25.2;20.7;18.6;15.5;9.7;7.3;7.1;30.7;59.6;51.4;2.9;5.3;38.9;10.9;6.2;1.8;2.8;1.6;-15.6;11160;34760;3.1
106;35643;79272;19940;46.6;14.9;26.4;19.5;17.7;14.5;8.7;7.5;5.9;29;65.7;57.4;3.1;5.2;34;7.7;6.9;2.3;2.9;1.7;-14.3;11270;33460;3
107;34812;77768;20880;52;14.5;25.9;19.6;16.8;12.6;7.3;7;5;28.2;71;62.8;2.8;5.4;30.1;8.8;6.1;2.4;2.1;1.6;-16;11300;35120;3.1
108;36455;75197;19980;45.4;15.7;29.3;20.8;19.1;15.8;9.5;7.8;7.4;33.3;60.6;52.6;2.8;5.2;37.8;10;6.7;2;3;1.7;-15.1;10990;32910;3
109;37090;79710;19260;42.6;17.8;25.6;22.2;23.8;18.9;10.7;12.2;10.3;32.8;57.8;48.5;3.5;5.8;39.6;10.2;6.6;2.2;2.7;1.7;-14.2;10640;33010;3.1
110;36915;84742;20180;48.1;17.3;24.8;21.5;21.1;17.8;11.8;9.5;8.1;31;64.5;54.8;3.5;6.2;34.7;10.8;6.2;2.3;2.4;1.5;-16.2;10390;34640;3.3
111;32476;77938;20220;47.1;15;23.1;18.4;17;13.7;9.2;8.2;6.1;29.2;72.7;65.2;3;4.5;27.2;7.7;7.1;2.9;2.5;1.7;-14.7;11300;33380;3
112;37523;79724;22160;59.5;14.1;17.8;15.6;16.2;13.7;11.9;10.9;8.2;21.1;77.7;69.7;3.1;4.9;28.1;11.3;2.7;0.8;1.2;0.7;-19.8;11080;40820;3.7
113;35807;74447;21240;51.1;10.5;17.9;13.1;12.9;11.1;6.7;5.6;5;20.9;62.8;53.5;3;6.3;37;12.2;4.7;1.7;1.8;1.2;-16.7;12530;38330;3.1
114;33777;73775;20390;46.4;12;21.7;12.8;14.4;12.1;7.5;9;6.1;25.7;65.9;56.5;2.7;6.7;32.7;10.6;5.9;2.2;2.3;1.4;-15.1;11980;33810;2.8
115;30021;68711;20650;32;18.1;24.8;22.3;20.9;18;12.4;11.5;9.8;34.6;38.3;32.4;2.9;3;23.3;43.2;4.5;1.3;1.9;1.3;-9.3;10080;38420;3.8
116;34494;78839;20310;48.2;16.1;23;19.2;20.3;15.3;10.7;8.7;7.3;30.4;68.2;59.2;3.4;5.6;31;10.7;6.1;2.4;2.1;1.6;-16;10850;35810;3.3
117;30896;67888;20060;47.2;14.7;27.1;19.6;17.3;14.4;8.8;8.7;6.4;33.7;64.8;57.5;2.9;4.4;34.9;8.4;6.5;2.4;2.5;1.6;-14.6;11260;32710;2.9
118;32878;75650;20200;46.3;15.1;19.6;17.8;18.4;15.2;10.6;8.8;6.5;30.6;68.6;60;3.3;5.3;30.2;10.4;6.2;2.5;2.1;1.6;-15.4;11180;34580;3.1
119;31233;71333;19680;48.2;18.1;28.1;24.9;22.9;16.6;10.7;6.7;7.8;34.9;65.4;58.1;3.4;3.9;33.7;8.8;7.1;2.7;2.6;1.8;-15;10270;33190;3.2
120;28791;63660;20230;47.9;14.9;26.2;19.7;19.2;14.9;7.6;6.4;5.5;32;64.2;57;2.5;4.7;35.3;8.6;6.4;2.4;2.3;1.7;-14.5;11130;33310;3
121;30051;67226;19910;44.1;15.6;27.8;19.2;18.8;14.5;9.9;10.1;7.1;33.5;65.4;56.5;3;5.9;33.5;9.7;6.6;2.3;2.6;1.7;-15.2;11130;34360;3.1
122;30748;68470;20970;51.1;11.6;18.5;13.8;13.7;11.1;7;9.1;5;24.5;69.1;61.3;2.8;5;32.8;8.2;5.4;2.1;2;1.3;-15.5;12140;34150;2.8
123;28466;64090;19310;43.9;17.8;31.4;21.7;20.4;19;9.6;9;7.6;34.5;68;58.7;3.5;5.8;31;8.3;7.7;2.6;3.2;1.9;-15;10690;33740;3.2
124;29422;65596;20590;48.9;13;20.1;17.1;15.3;13.2;7.7;7.6;5.9;28.1;66.5;59.3;2.7;4.5;34.6;7.8;5.8;2.4;2.1;1.3;-14.7;11720;33760;2.9
125;29934;62978;20840;48.2;11.3;19.9;11.8;13.4;10.7;7.6;10.3;5.8;25.5;66.5;57.2;2.2;7.1;33.2;10.9;4.8;1.7;1.9;1.2;-15.4;12210;34310;2.8
126;30640;64719;22020;53.7;10.7;20;14.1;13.6;11.5;6.1;6.9;6;24.7;58.4;49.7;2.8;5.9;43.1;10.7;4.2;1.6;1.6;1;-16.4;12430;37710;3
127;27078;61769;19320;45.3;18.4;29.3;23.5;21.9;19.8;10.8;6.8;6.6;33.5;66.6;58.2;3.4;5;32.1;8.5;7.6;2.8;2.9;1.9;-14.8;10530;32910;3.1
128;30534;64449;20600;48.1;12.7;21.9;15;15.6;13.1;8.1;8.3;6;23.8;63;53.6;3.4;6;37.1;9.9;5.4;1.7;2.2;1.5;-15.4;11860;34610;2.9
129;27634;62689;20280;50.6;15;22.5;19.4;18.6;14.8;9.4;6.9;6.6;30.2;67.3;59.4;3;4.9;33.1;8.5;6.6;2.6;2.4;1.6;-15.5;11210;33950;3
130;28335;59714;20440;49.2;13.7;25.2;17.8;16.1;13.6;7.8;7.7;5.5;28.5;63.7;55.8;2.6;5.3;35.2;10;6.2;2.1;2.5;1.6;-15.1;11540;33870;2.9
131;33351;69022;22850;58;10.1;16.7;13;13.5;12;5.7;5.9;5.3;18.3;59.4;48.9;3.3;7.2;42.7;14.1;3.2;1.1;1.3;0.8;-19.4;12650;41840;3.3
132;29355;63326;20510;47.8;13.3;21.9;15.7;16.1;14.5;7.9;9.1;6.8;27.9;63.4;54;3.1;6.3;36.7;9.3;5.6;1.9;2.3;1.4;-15;11690;34540;3
133;24478;56706;21360;53.7;12.9;17.3;18.5;15.8;12;7.6;5;5.2;25.6;74.9;67.5;3.1;4.3;27.7;8.4;5.3;2.2;1.8;1.3;-16.3;11720;36210;3.1
134;23374;61012;18610;44.2;22.2;26.7;26.7;28.1;21.8;15.1;8.9;9.6;39.1;68.7;61.1;4.1;3.5;29.5;6.6;9.2;4.1;3;2.1;-14;9780;31590;3.2
135;26336;57660;20420;48.3;13.1;24.4;16.4;15.4;12;7.6;8.9;5.9;27.7;67.8;59.8;2.7;5.3;32.9;7.8;5.9;2.2;2.3;1.4;-14.4;11740;33650;2.9
136;28226;60992;20910;50;13;19.2;15;16;13.8;8.4;8.3;5.8;23.9;65.3;55.7;3;6.6;33.8;10.8;5.5;2.1;2;1.4;-15.4;11740;35320;3
137;26823;58577;19920;48.7;14.8;24.3;18;19.5;16.1;7.6;9.8;7.1;27.9;61.1;51.4;3.1;6.6;38.1;12.6;5.6;2;2.2;1.4;-17.4;11250;36330;3.2
138;26873;57298;21100;50.8;12.1;19.7;16.9;13.2;11.1;8;8.7;6;25.5;67;59.2;2.6;5.2;34.5;8.8;5;2;1.8;1.2;-15.3;11990;35010;2.9
139;27166;58023;19400;42.5;16.6;27.9;22.7;19.9;18;10;9.6;9.1;31.7;58.9;48.6;3.9;6.4;36.8;12.6;6.1;2.1;2.4;1.6;-14.4;10750;32870;3.1
140;25451;55896;18770;39.7;18.2;29.5;23.3;21;18.8;12.5;13.2;11.1;33;59.3;49.3;3.5;6.5;37.5;10.7;7;2.4;2.8;1.8;-14.5;10540;32060;3
141;24816;55755;18530;42.5;22.6;31.3;26.2;27.9;23;16.8;13.2;8.5;36.8;66.5;55.9;4.2;6.4;30.5;10.3;8.4;2.7;3.3;2.4;-15.7;9810;33340;3.4
142;25633;54919;19980;45;14.5;23.7;17.7;16.5;15.5;9.6;8.8;6.7;28.2;63.3;54.6;3.5;5.2;35.9;8.2;6.7;2.2;2.8;1.7;-14.1;11360;32660;2.9
143;26298;60469;21660;52.7;13.6;20.4;15.8;14.2;13.6;10.9;8.9;5;24.2;75.3;66.7;3.7;4.9;27.1;9.2;5.6;2.1;2;1.5;-17.2;11530;38370;3.3
144;22714;50275;19090;43.1;17.4;24.8;21.8;24.3;16.3;10.4;9.3;8.7;33.2;63.3;56.4;3.4;3.5;35.3;7.3;7.5;2.6;3.1;1.8;-13.4;10830;31130;2.9
145;22759;49127;19220;42.2;17;29;22.9;21.5;16.8;10.4;7.4;7.7;34.3;63.9;55.6;3.6;4.7;35.1;8.2;6.9;2.3;2.8;1.8;-14.1;10810;31700;2.9
146;22140;50085;19180;45.3;19.9;35;26.6;22.2;19.2;10.5;8;6.9;37.1;67.7;59.5;3.3;4.9;31;8.1;8.2;2.8;3.2;2.2;-15;10150;33350;3.3
147;23462;51644;20620;47.9;11.8;21.1;14.6;12.7;12.4;6.2;7.7;5;25.1;68.3;60.2;2.6;5.5;32.6;7.8;5.8;2.4;2.1;1.3;-14.5;12120;33300;2.7
148;26648;55136;19640;45.1;17.2;26.6;21.8;22.9;20.6;10.4;10.6;9.6;30.4;53.7;43.7;4;6;43.8;12.3;5.9;1.8;2.5;1.6;-15.7;10700;34190;3.2
149;18874;45907;19670;47.8;18.4;27.3;22.9;21.5;17.9;9.9;8.8;5.6;31.9;73.1;66;3.9;3.2;26.4;6.6;8.6;3.2;3.1;2.3;-14.7;10380;33660;3.2
150;21938;47272;21510;52.7;12;20.6;16;14.3;12;6.7;7.3;5.7;26.6;68.6;59.4;3;6.2;32.9;9.9;4.9;1.7;2;1.2;-16.3;11970;36920;3.1
151;27650;53263;21960;53.9;11.3;20.7;17.3;16.9;15.6;6.8;6.4;6.9;22.1;45;35.4;2.8;6.8;53.8;15.1;3.4;1;1.5;0.9;-17.3;12210;39430;3.2
152;26679;53101;22250;55;8.8;13.2;10.9;12.7;11.8;5;5.3;5;18.5;52.6;43.7;2.8;6.1;47.9;13.8;3.3;1.2;1.2;0.9;-17.6;13080;38860;3
153;21382;51736;19450;43.5;18.9;25.6;19.9;22;19;14.6;13.2;9.8;32.2;70.5;60.9;4.6;5;27.7;9.6;7.3;2.7;2.8;1.8;-15.1;10190;33480;3.3
154;20250;42404;19280;42.6;14.6;21.5;19.8;18.4;15.4;9.1;8.4;6.4;28.7;60.5;53.5;3.1;3.9;39.2;6.9;7;2.3;2.8;1.9;-13.6;11320;31240;2.8
155;18850;42434;19460;42.6;14.7;22.6;18;18;16;8.7;8;6.8;33.5;63.9;55.7;3;5.2;35;8.4;6.2;2.6;2.1;1.5;-13.5;11320;30820;2.7
156;19269;43125;20990;49.5;14.8;24.8;22;17.7;13.5;8.8;8.1;6.3;31.1;72.2;64.4;3.2;4.6;29.3;8.6;5.6;1.7;2.4;1.5;-15.7;11190;36840;3.3
157;20722;47958;20630;47.9;12;21.2;15.6;14.3;11.7;6.9;5.9;5.4;27.3;67.2;59.4;3.2;4.6;32;9.9;5.4;2.4;1.7;1.3;-14.5;12010;33180;2.8
158;19088;41779;19720;44.2;14.4;25.5;19.2;16.9;14.7;9;7.4;6.5;28.2;63;54;3.2;5.8;36.2;9.4;6.2;2.3;2.3;1.6;-14.8;11360;34000;3
159;20688;45776;23260;61.7;8.2;9.6;8.7;9.3;7.9;6.9;6.7;5;14.4;75.3;64.7;2.9;7.7;25.6;14.5;2.9;1.5;0.8;0.6;-18.3;13410;40680;3
160;18108;39226;19570;44.7;15.3;24.6;18.6;18.3;16.4;9.9;7;6.7;28.6;65.3;57.2;3;5.1;34;8.3;6.7;2.4;2.5;1.8;-14.3;11150;32580;2.9
161;18738;39734;20830;50.1;12.4;21.7;14.9;14.1;12.7;7.7;8;5;25;67.8;60.4;2.3;5.1;33.7;7.9;5.6;2;2.2;1.4;-15;11840;34190;2.9
162;20557;43696;20900;49.3;13.8;25.7;16.1;17;14;8.8;9.3;7;28.3;63.3;53.9;3.1;6.3;36.8;9.9;5.6;1.9;2.3;1.4;-15.6;11400;35630;3.1
163;19421;43806;19990;43.4;11.5;19.9;14.3;13.3;11;6.3;7.6;5.1;25.3;69.1;61.1;2.8;5.2;30.7;8.3;5.9;2.5;2;1.4;-14;12200;31840;2.6
164;17672;40068;19080;43.9;18.9;35;23.7;22.4;18.8;10.8;9.9;7.8;36;65.7;56.3;3.1;6.3;32.2;9;8;2.4;3.6;2;-14.9;10340;33120;3.2
165;16849;41426;19370;47.7;17.6;23.1;24;19.9;16;13.1;8.6;6.2;31;71.7;65;3.9;2.8;27.8;9.1;6.7;3;2;1.7;-15.3;10780;33810;3.1
166;17079;37390;19930;45.3;15.1;25;18.5;17.5;14.2;9.8;9.1;6.4;30.1;66.7;58.2;2.6;5.9;32.1;8.9;6.7;2.3;2.7;1.7;-14.4;11180;33400;3
167;19047;40438;20960;49.9;13.5;28;17.8;15.5;12.8;7.9;9.5;5.8;27.8;65.7;56.6;2.6;6.5;34.5;10;5.7;1.8;2.4;1.5;-15.9;11440;35760;3.1
168;18348;38746;20370;46.1;12.8;24.7;16.6;15.3;12.8;6.9;7.3;6.3;30.4;63.9;53.9;3.1;6.9;36.5;8.2;6.3;2.2;2.6;1.5;-14.9;11810;32950;2.8
169;17548;38693;20840;50.4;12.2;19.2;17.8;15.9;12.4;6;5.6;5.2;27.3;66.2;58.8;2.9;4.5;34.3;10;5;2;1.8;1.2;-15.5;11930;34560;2.9
170;18289;41270;21670;54.1;11.6;17.5;15.1;14.3;10.3;7.3;7.4;5.1;22.7;70.5;62.4;2.8;5.3;29.7;10.7;4.8;2.1;1.6;1.1;-15.7;12140;35770;2.9
171;15941;36422;20690;49.1;12;21.8;14.4;15.5;9.4;7.8;8.6;6.4;26.9;70.2;62.6;2.8;4.8;31.3;8;5.1;2;1.9;1.2;-14.6;12020;33140;2.8
172;16462;34656;19760;45.8;14.9;24.7;20;20;15.5;8.6;7.9;6.1;28.4;61.3;54;3.1;4.2;39.4;7.2;6.6;2.3;2.5;1.8;-14.5;11360;32680;2.9
173;19105;36771;21030;53.5;13.5;18.6;18.7;18.7;18.1;8.3;6.8;6.8;22.3;54;44.4;3.1;6.5;45;15.7;3.9;1.2;1.6;1.1;-18.6;11540;40700;3.5
174;15632;35211;19440;45.2;18.1;30.4;26.9;24.1;15.3;10.5;6.9;7.9;31.9;64;56;3.8;4.2;35.5;8;7;2.3;2.9;1.8;-14.5;10530;33810;3.2
175;16491;34876;20810;54.1;15;26;19.2;17.5;13.7;9.8;6.7;5;27.9;70.4;58.1;3;9.3;30.4;12;5.3;1.8;2;1.5;-18.1;11160;37800;3.4
176;16992;37929;20630;49.5;16.7;24.9;20.5;20.9;16.3;12;8.9;7.1;30;62.6;53.9;3.1;5.6;32.8;16.1;5.4;2;2;1.4;-16.9;10840;37440;3.5
177;16894;36546;19590;45.5;18.2;30.7;21.9;22.5;17.5;10.8;9.7;8.5;29;68;56.8;3.6;7.6;30.2;10.5;7.3;2.2;3.1;2;-16;10400;34730;3.3
178;15787;33876;18660;40.9;20.1;38.5;28.8;25.7;19.4;12;7.4;9.1;42.6;58.6;51.8;3.2;3.6;38.6;7.7;8.5;2.6;3.8;2.1;-13.4;10030;30170;3
179;15492;34680;22060;56.2;9.9;14.3;10.6;11.7;10.7;6.7;6.3;5;19.8;72.7;64;2.7;6;28.9;11.8;4.1;1.8;1.3;1;-17.5;12730;38840;3.1
180;16346;35605;19280;42.8;16.5;22.7;19.7;20.6;16.6;10.9;13.4;9.2;30.5;62.8;53.7;3.1;6;35.1;10.1;6.5;2.2;2.6;1.7;-14.5;10870;32840;3
181;15145;35849;19980;50.5;16.2;25.6;21.2;18.2;16.8;10.3;;7;31.6;70.7;61.8;3.4;5.5;29.7;8.6;6.5;2.8;2.1;1.6;-15.5;10770;33500;3.1
182;14320;30560;20960;51.6;12.6;23.5;16.2;15.3;13;7.7;6.8;6;28;67.1;59.4;2.5;5.2;35.6;7.7;5.2;1.8;2.1;1.3;-15.6;11880;34540;2.9
183;15194;33980;19610;43.9;16.8;23.3;21;19.8;16.4;10.9;11.3;7.8;31.6;65.6;57.4;3.3;4.9;32.3;9;7.5;2.4;3.1;2;-14.4;10760;32680;3
184;13685;33750;21100;49.2;13.3;22.1;12.8;14.6;13.3;10.1;11.1;6.9;27.2;76.3;67.1;2.9;6.3;25.3;8.1;5.9;2.3;2.3;1.3;-15.6;11740;36530;3.1
185;13388;28725;18250;38.3;22.1;40.3;27.8;25;22.1;14.9;9.3;8;38.7;62.4;53.9;3.6;4.9;33.4;7.9;9.8;2.6;4.4;2.8;-13.5;9770;31330;3.2
186;13573;30329;19410;45.2;15.9;26.8;21;18.5;14.6;11.2;9.1;7.1;30.5;65.2;56.7;3.1;5.4;33.1;8.7;6.8;2.5;2.6;1.7;-13.8;11030;32040;2.9
187;13529;31938;20440;53.2;17.6;28.7;23.7;21;15.3;12.3;6.5;5.7;30.3;72.3;64.9;3.6;3.8;29.6;7.6;6.9;2.7;2.5;1.7;-16.4;10260;37760;3.7
188;16470;33270;21620;52;10.1;19;14.7;12.5;10.7;6.1;6.6;5.6;19;55.9;45.7;2.5;7.7;43.5;13.3;4.1;1.4;1.6;1.1;-16.8;12640;38600;3.1
189;13786;29879;19730;46.7;13.7;25.8;17.9;16.2;13.5;8;9.2;5.9;29.5;62.4;54.6;3.2;4.6;37.6;8.6;5.8;2;2.4;1.4;-14.4;11590;32490;2.8
190;14678;29929;20470;48.8;14.2;25.4;16.3;17.3;13.7;8.4;11.9;7.5;30;63.8;56.4;2.5;4.9;37.8;7.4;5.9;1.9;2.5;1.5;-14.9;11260;33190;2.9
191;14190;29304;21210;50.8;12.3;26.4;15.9;15.4;11.5;6.1;9.9;5.4;28.8;63;55.3;2.5;5.2;38.5;8.6;4.7;1.7;1.8;1.2;-14.8;11870;34320;2.9
192;13481;30608;21410;52.4;12.2;19;15.3;15.8;12.1;7.6;;5;24.3;71.9;65.2;3.2;3.5;30.9;7.7;5.1;2.1;1.7;1.3;-15.6;11870;37250;3.1
193;16602;34346;22400;55;9.2;13.5;10;12.3;11.2;6;6.2;5.4;18.5;57;47.9;2.9;6.2;43.9;13.3;3.6;1.4;1.3;0.9;-17.8;12960;40680;3.1
194;13979;32485;21070;49.5;11.4;14.8;14.4;13.8;11.1;7.7;6.2;5.1;24.9;70.4;61.3;3.4;5.7;28.4;11.6;5.1;2.3;1.6;1.2;-15.5;12180;35260;2.9
195;12322;29072;19860;46.6;12.2;19.6;16.2;12.8;11.8;7.1;8.4;5.2;25.4;70;63.1;3;3.9;28.8;9.6;5.8;2.8;1.6;1.4;-14.2;11920;31100;2.6
196;14176;32202;24450;62;8.1;9.1;8.8;9.4;7.6;6.6;;5;17.1;85.2;77;3.6;4.6;21.8;8.1;3.4;1.5;1.1;0.8;-18.5;13380;43990;3.3
197;13755;29424;19820;45.6;17;27.9;23.2;21.8;17.2;9.9;11.1;8.8;34.6;59.7;51.3;2.9;5.5;39.2;8.8;6.7;2.1;2.9;1.7;-14.4;10570;33470;3.2
198;12856;29336;21450;51.9;12;22.6;15.5;13.7;10.7;8;6.5;5;24.4;73;65.5;3.4;4.1;29.5;8.3;4.8;2;1.6;1.2;-15.6;12040;37000;3.1
199;14635;32872;19490;41.9;13.9;19.2;14.9;17.2;14.4;9.6;10.2;7.8;26;67.1;57.7;2.8;6.6;31.7;8.4;6;2.5;2.1;1.4;-13.2;11620;30520;2.6
200;12519;30158;16700;35.3;29.3;38.9;34.4;33.6;28.5;24.8;15.9;13.6;45;65.5;54.7;5.1;5.7;28.5;8.7;10.6;3.5;4.2;2.9;-13.3;8890;29990;3.4
201;12585;28590;20410;46.1;12.5;21;16.7;14.6;12;6.9;9.3;7;28.2;65.6;58.5;3;4.1;33.8;9;5.9;2.4;2.1;1.4;-14.3;11820;32700;2.8
202;13632;28677;19480;42.4;14.6;24.9;17.5;18.8;13.6;9.8;9.2;7;29.2;63.2;53.4;3.1;6.7;34.3;11.2;6.1;2.1;2.4;1.6;-14.8;11360;32940;2.9
203;13066;28666;19900;46.3;15.9;22.1;23.8;20.8;15.4;8.6;8.2;8.1;32.7;61.2;54.2;3.2;3.8;38.6;8.2;6.4;2.2;2.6;1.6;-14.4;10750;32900;3.1
204;12598;30173;21100;49.5;8.5;15.6;8;9.6;8.8;5.2;;5;19.2;76.4;68.7;2.8;4.9;24.4;9.1;5.1;2.5;1.5;1.1;-15;13260;34440;2.6
205;11789;26226;19840;43.7;13.5;21.8;17.7;16.4;14.1;8.1;8.1;6.9;30.5;63.1;54.5;3;5.6;36.5;8.6;5.9;2.3;2.2;1.4;-14.1;11650;32160;2.8
206;11606;26727;20970;48.9;9.3;16.7;11.7;10;8.8;5.4;;5;22.1;69.9;62.3;2.7;4.9;30.8;9.1;4.9;2.4;1.4;1.1;-14.7;12900;32500;2.5
207;12111;26152;19370;45.2;15.1;29.1;20.1;18.9;14.8;7.6;;5.1;27.8;63.1;54.7;3.6;4.8;35.4;8.1;7.5;2.4;3.2;1.9;-14.1;11350;32960;2.9
208;13140;29880;20230;46.1;13.7;21.3;15.5;15.7;14.1;9;8;6.5;26.3;70.4;62.4;3.3;4.7;29.8;7.6;6.5;2.4;2.5;1.6;-14.3;11620;33660;2.9
209;15433;31338;21930;55;8;;10.9;11.5;11;5;5.2;5.1;16.5;50;42.7;2.9;4.4;50;12.6;3.1;1.3;1.1;0.7;-15.7;13460;36080;2.7
210;13718;27526;21610;51.5;10.2;;14;13.2;12;6.1;6;5.5;22.3;57.1;48.5;3.1;5.5;42.6;12.3;4.3;1.5;1.7;1.1;-16.3;12590;37460;3
211;12768;27986;19290;42;14.1;24.3;17.7;15.7;14.4;8.6;10.4;7.6;33.5;63.6;55.2;2.9;5.5;35.2;9.5;6;2.3;2.3;1.4;-14.3;11440;30730;2.7
212;13225;27693;21360;49.8;11.2;23.7;13.4;13.7;11.7;6.5;6.1;5;25.2;63.3;54.3;3.1;5.9;37.4;9.9;5.3;1.8;2.1;1.4;-15.9;12250;36360;3
213;10880;25525;19790;44.2;14;22.8;17.6;15.4;13.9;9.2;8.5;6.1;28.3;67.9;60.1;2.8;5;29.9;10.4;6.6;2.6;2.5;1.5;-14.8;11710;33150;2.8
214;12918;27745;20860;47.9;11.8;17.4;13.8;13.2;12.3;7.9;8.1;6.3;22.8;66.9;58.8;2.9;5.2;32.8;10;5.2;2;1.9;1.3;-14.9;12160;34410;2.8
215;12342;27542;21500;49.5;10.4;20.8;11.7;11.9;9.7;6.3;8.5;5;23.1;68.7;61.1;2.6;5;30.7;11.4;4.9;2.1;1.6;1.2;-15.7;12500;35720;2.9
216;13208;28633;21160;49.5;11;18.8;13.6;12.4;12;6.9;;5;22;66.2;56.9;3.6;5.7;33.9;9.7;5.5;2.1;2;1.4;-15.3;12270;35350;2.9
217;11742;27562;17950;37.2;23;30.9;28.4;28.6;21.9;16.5;14.6;12.1;40;61.7;52.3;3.9;5.5;33.6;9.2;8.7;3.1;3.4;2.2;-13.2;9690;30950;3.2
218;11844;24457;20400;48.9;15.5;24.9;21.7;18.8;14.2;9.9;11.5;6.3;27.6;62.6;53.9;3;5.7;37;9.3;6.4;2;2.7;1.7;-15.3;10920;34190;3.1
219;11315;24462;18850;39.2;18;25.9;26.8;23.3;18.7;11.7;10.4;10;41.2;56.5;48;3;5.5;40.9;9.8;6.6;2.2;2.7;1.7;-13.8;10790;32130;3
220;11589;24965;19780;42.8;14;25.3;17.2;16.8;14.7;7.3;8.8;7.2;31.5;63.8;55.6;2.8;5.4;35.4;7.9;6.9;2.5;2.7;1.7;-14;11410;31740;2.8
221;10830;23950;20110;44.2;10.9;17;12.1;14.7;11.9;7;;6.3;25.5;63.8;56.6;3.1;4.1;36.4;8.8;4.4;2;1.4;1;-13.4;12430;32260;2.6
222;10614;23170;19070;41.6;19.3;34.6;24.9;24.6;18.1;11.3;;7.2;34.6;65;57.1;3.2;4.7;33.4;7.6;8.5;2.7;3.6;2.2;-14.5;10320;31710;3.1
223;11901;24848;20910;48.9;12.8;17.1;14.6;14.5;12.8;10;11;7.8;25.9;63.4;55.3;2.3;5.8;36.8;9.9;4.8;1.7;2;1.1;-14.9;11800;34540;2.9
224;10711;25649;20600;50.2;13.3;22;15.2;16.3;12.9;8;;5;27.3;72.2;66;3.3;2.9;30.1;5.7;6.2;2.7;2;1.5;-14.2;11710;34680;3
225;10667;22419;19550;45;14.7;28.8;20.2;17.7;14.9;9.4;9.1;8.4;26.4;62.1;52.8;2.8;6.5;38.8;8.1;5.7;2;2.3;1.4;-14.7;11300;32490;2.9
226;12898;28345;20750;49.3;9.7;14.1;10.8;13.1;10.2;5.8;7.7;6.1;18.6;60.6;52.5;3.1;5;38.7;12.1;4.4;1.8;1.5;1.1;-15.8;12740;34390;2.7
227;10545;24798;20350;45;9.7;15.2;12.6;10.3;9.7;5.2;7.6;5;22.5;69.6;61.1;2.5;6;30.1;9.2;5.4;2.7;1.5;1.2;-14.3;12790;32540;2.5
228;10829;24718;20890;47.5;11.1;17.5;12.6;13.3;11.1;7.4;8.3;5.3;24.5;67.3;59.2;2.9;5.2;31.4;10.6;5.5;2.4;1.8;1.3;-14.8;12300;34440;2.8
229;10344;23913;19400;40.2;14.7;27.5;18.8;16.4;13.9;8.6;9.4;8.2;31.6;66.1;56.9;2.6;6.6;31.3;9.1;7;2.9;2.5;1.6;-13.5;11350;30420;2.7
230;9865;23024;20550;49.1;14.8;23.4;17.4;20.8;12.6;8.6;;7.1;27.9;68.1;60.9;3.1;4.1;31.5;8.8;6.3;2.5;2.3;1.5;-14.7;11250;34010;3
231;8621;19002;19510;45.4;17.5;30.4;24.2;23.8;17.3;10.2;;6.6;36.6;59.7;52.3;3;4.4;39;8.9;6.6;2.6;2.3;1.7;-14.2;10420;32180;3.1
232;10621;22969;20940;49.9;11.6;23.3;12.4;13.7;11.6;7.7;10;6.2;25.1;65.3;57.1;3.1;5.1;35.8;8.2;5.1;1.8;2.1;1.2;-14.4;12100;33690;2.8
233;9584;21568;17190;36.3;25.3;39;33.3;31.3;25.5;12.3;10.2;9.2;42.6;60.4;53.6;4.1;2.7;34.4;5.3;11.7;3.7;4.8;3.2;-11.8;9580;28100;2.9
234;9674;21962;19890;50.1;17.7;19.2;24;21.8;17.7;12.1;8.3;7.9;34.4;66.1;58.2;3.5;4.4;34.2;7.8;6.7;2.6;2.4;1.7;-14.8;10290;33470;3.3
235;10078;21968;20450;48.1;13.1;26.5;16.1;16.5;11.4;7.1;;5.9;29.3;66.8;57.9;2.8;6.1;32.7;9.2;6.1;2.2;2.4;1.5;-14.8;11570;33530;2.9
236;11366;23425;21560;51.1;9.1;;11.4;11.5;11.3;5.6;7.4;6.4;22.8;52.1;42.4;2.8;6.9;48.4;11.5;3.2;1.3;1.2;0.7;-15.2;12990;36330;2.8
237;9395;21365;19350;43.9;17.5;28.9;21.8;20.7;14.7;10.1;;6.1;30.8;70.3;63;3.1;4.2;29.5;7.1;8;3;2.9;2.1;-14.9;10750;32340;3
238;10733;22995;19560;44.6;15.9;28;19.5;21.6;15.9;9.3;7.2;6.8;29.4;61.1;52.9;2.7;5.5;37.5;7.9;6.9;2.4;2.7;1.8;-13.4;10900;31330;2.9
239;10873;23776;20940;49.1;11.9;20.3;14.6;14;13.2;6.8;;5;22.6;65.2;56.1;3;6.1;35.4;9.1;5.7;2.1;2.1;1.5;-15.4;12090;35790;3
240;9965;21968;18650;43.4;22.8;31.3;29.5;30.3;21.5;17.2;10.7;6.6;40.3;63;54.8;3.3;4.9;34.6;8.5;8.8;2.8;3.5;2.5;-14.9;9600;33780;3.5
241;15803;30711;18800;42.8;21.2;39.4;29.4;29.3;25.3;12.7;9.7;10.5;34.5;49.6;38.8;4.7;6.1;45.4;13.9;7.3;1.7;3.5;2.1;-16.2;9870;33790;3.4
242;10416;21247;18740;40.5;16.1;27.9;20.5;17.9;16.3;11.9;11.8;7.9;29.3;63.5;52.2;5.2;6.1;34.7;9.2;6.6;1.7;3.1;1.8;-14;11050;30730;2.8
243;10083;21215;19940;44.9;14.9;23.4;18.9;18.7;15.4;8.8;;6.2;28.9;65.7;57.8;3.3;4.6;34.1;9.4;6.3;2.1;2.5;1.7;-15.5;11130;33760;3
244;10008;23407;18980;42.4;20.1;31.2;24.9;23.1;19.2;15.3;11.2;8.6;35.3;63.6;54.7;3.9;5;33.5;10.2;7.6;2.8;2.9;1.9;-14.9;10010;33140;3.3
245;11928;25406;22670;56.7;7.4;;7.4;8.6;11.3;5;;5;16.6;58.8;52.2;2.8;3.8;42.3;11.8;3.4;1.6;1.1;0.7;-16.3;13650;36400;2.7
246;9181;18667;19230;42.2;16.5;27.9;21.4;22.3;18.1;10.1;8.7;9.2;31.2;58.1;49.7;3;5.4;40.9;7.8;6.8;1.9;3.2;1.7;-13.6;10930;31650;2.9
247;9086;20489;20650;50.4;11.5;18.4;15.2;14.6;10.1;6.6;;5.4;25.6;68.8;61.2;3;4.6;32.3;8.5;5;2.3;1.5;1.2;-14.6;12190;32270;2.6
248;8718;19347;19080;41;17.2;30.2;20.1;20.5;15.3;10.9;13.4;9;29.6;65.3;56.7;3.2;5.4;32.5;8.8;7.3;2.5;2.9;1.9;-13.9;10740;31900;3
249;9302;20421;19030;44.8;19.8;29.1;28.2;24.5;20.4;14.3;10.7;10.6;34.1;57.8;46.4;4;7.4;39;12.8;6.1;2.2;2.3;1.6;-15.7;10150;33650;3.3
250;8644;19500;18910;43.5;20.4;32.4;27.5;25;18.6;12.6;;9.4;37.6;65.6;57.5;3.4;4.7;33.3;6.5;8.4;2.8;3.4;2.2;-13.8;10050;32020;3.2
251;8738;19617;21530;53.2;12.6;23.4;16.9;16.1;10.7;8.6;;5.5;25.6;72.5;64.4;2.8;5.3;31.3;8.5;4.6;1.9;1.6;1.1;-16.9;11840;38170;3.2
252;9313;20344;21150;51.8;12;24.1;17.9;13;10.6;7.7;;5.3;26.3;66.5;59.1;2.6;4.8;34.1;9.2;5.7;2.2;2.1;1.4;-15.5;11950;35310;3
253;8539;18662;19220;45.2;17;26.1;24.2;21.6;16.3;10;;7.8;34.9;62.3;54.3;3;5;36.6;8.5;6.8;2.5;2.5;1.8;-14.2;10540;31620;3
254;8854;18681;19440;41.2;12.9;22.5;16.4;15.7;12.7;8;9.7;6.2;28.4;62;54.2;2.8;5;36.6;9.1;6.2;2.1;2.5;1.6;-13.9;11870;31430;2.6
255;8947;19024;19670;43.6;16.1;29.1;23.8;18.1;15.8;10.2;11.9;9.4;32.6;59.6;49.9;2.5;7.2;38.4;10.9;5.7;2;2.3;1.4;-14.6;10950;33080;3
256;9376;18709;20970;48;12.2;;16.4;15.7;13.4;8.1;9.8;7.6;26.1;50.9;39.7;2.7;8.5;48.6;12;4.1;1.4;1.7;1;-15.6;12070;37480;3.1
257;8975;19736;20290;51;15.6;17.2;19.2;21.2;14;9.9;;7.1;23.8;74.9;67.3;3.3;4.3;27.4;8.3;6.1;2.2;2.3;1.6;-16.7;11070;35850;3.2
258;9172;19013;20060;46.5;14.7;;17.7;18.5;15.3;9.8;13.1;9.8;25.3;59.8;50;3.7;6.1;38.6;11.7;4.9;1.5;2.1;1.3;-15;11300;34100;3
259;8224;16385;18730;38.8;16.7;30;26.5;20;16.1;11;11.3;9.7;33.2;53.7;46.2;2.7;4.8;44.4;8.3;6.3;1.9;2.8;1.6;-12.7;10830;30090;2.8
260;8255;19232;19790;43.1;14.3;26.9;19.2;18.1;11.2;6.6;;5.2;34.5;68.9;60.5;2.7;5.7;29.6;9.8;6.3;2.6;2.2;1.5;-14.6;11160;32370;2.9
261;8569;18558;21240;49.3;10.3;19.1;10.3;12;10.6;6.9;;5;20.9;67.7;58.9;2.3;6.5;33.1;10.1;4.9;1.9;1.8;1.2;-15.8;12550;35130;2.8
262;8582;18128;20430;51.5;12.6;23.4;14.6;14.7;12.4;7.7;;7.1;20;69.1;57.1;4.1;7.9;31.4;10.7;4.7;1.8;1.7;1.2;-15.9;11910;34720;2.9
263;7398;15678;20280;49;13.4;;19.9;16.5;15.2;8.1;;5;30.5;60.3;51.5;2.9;5.9;39.5;9.6;5.4;2.1;1.9;1.4;-14.8;11590;32390;2.8
264;7538;16508;19350;42.8;15.7;19.9;22.8;19.6;14.8;10.3;;7.4;33.1;62.7;54;3;5.7;35.3;8.6;6.8;2.4;2.7;1.7;-13.4;11200;31660;2.8
265;8727;17982;20340;47.1;16.7;31.9;24.4;19.5;15.9;9.6;10;7.3;34.2;61.9;52.9;2.8;6.2;37.6;9.3;6.2;1.8;2.7;1.7;-15;10640;34940;3.3
266;8186;17910;19060;41.1;17.8;30.2;20.7;23.4;16.8;12.3;9.9;9.6;35.1;63.5;55.5;3.9;4.1;34.7;8.3;7.2;2.4;3;1.8;-13.7;10400;31600;3
267;8644;17427;19480;42.3;18.5;32.1;25.4;23;20.4;11.2;12.8;11.8;34.6;57.2;47.7;3;6.5;40.9;9.6;6.4;1.7;3.1;1.6;-14.1;10070;32750;3.3
268;7691;17755;16850;35.5;27.5;39.3;36.6;36;25;12.7;;10.5;46.3;63;54.8;4.5;3.7;31;6.1;12.3;3.8;5.2;3.3;-12.4;9430;28780;3.1
269;7436;15384;20080;47.6;13.3;26.8;16.6;16;13.6;7.7;;6;28;65.7;58.8;3;3.9;34.5;8.4;6;1.9;2.5;1.6;-14.6;11520;32000;2.8
270;8184;19320;20240;45.1;13;17.5;13.8;16.3;13.7;8.4;;5;25.3;69.9;62.7;3.1;4.1;29;8;6.7;2.9;2.3;1.5;-13.6;11730;32360;2.8
271;8157;18066;21260;51.4;10.9;20.2;11;12.1;8.8;8;;5;21.2;73.4;64.4;2.3;6.7;27.8;9.4;5;2.1;1.7;1.2;-15.6;12340;34750;2.8
272;9238;18703;21320;57.2;14.9;;17;20.7;16.9;12.1;7.8;9;22.1;57.2;44.8;3.7;8.7;40.2;21.6;3;1.1;1.2;0.7;-22;10830;44640;4.1
273;10200;21737;23400;58.6;7.8;;8.7;12;8.2;5;;5;16.3;56.2;48.1;2.9;5.2;45.6;12.9;3;1.3;1.1;0.6;-17.7;13530;41470;3.1
274;7498;16975;20000;46.4;12;18.1;16.6;14.7;10.4;6;;6.3;26.7;65.9;57.1;2.6;6.2;33.4;9.1;5.8;2.5;1.9;1.4;-14.2;12010;31760;2.6
275;6894;14817;19800;43.6;13.9;25;19.7;16.6;13.4;7.1;;6.1;27.6;65;55.1;2.6;7.3;34;8.4;6.8;2.2;2.8;1.8;-14.2;11600;33010;2.8
276;8294;17105;18260;34.4;18.8;29.2;25.5;26;18.5;11.4;12.3;9.7;34.9;53.5;45.9;3.4;4.2;43;7.1;8.3;2.4;3.7;2.2;-11.9;10530;29200;2.8
277;7490;16116;19960;43.3;13.9;24.2;16.8;18.4;13.9;8.6;;5.5;28.7;63.9;57.1;2.7;4.1;36.3;7.9;5.9;2.3;2;1.6;-14;11650;32560;2.8
278;6856;15785;25170;64.5;8.7;;13.6;9.2;7.7;;;;14.7;82.7;74.1;2.6;6;25.2;12.5;3.2;1.5;0.9;0.8;-23.6;13210;51730;3.9
279;7762;18487;20870;49.4;8.5;;9.9;9.7;9.4;;;5;22;76.6;68.8;2.8;5;25.3;8.2;4.8;2.5;1.3;1;-14.9;13210;32550;2.5
280;7319;16372;18990;43.7;19.5;28;28;29.2;15.4;12;;8.8;33.1;62;54.6;4.3;3.1;36.2;7.6;7.3;2.3;3.1;1.9;-13.1;10210;32420;3.2
281;7556;17001;21030;52.8;13;;15.1;14.2;15.4;9.3;;6.4;22.4;70.9;60.9;3.4;6.6;30.7;10.7;4.6;1.9;1.5;1.2;-16.9;11710;38220;3.3
282;11455;19636;20870;50.6;15.3;;23.6;20.5;19.1;11.3;7.3;8.6;24.9;48.2;39.3;4;4.9;49.7;16;4.1;0.8;2.1;1.2;-18;10980;39260;3.6
283;7941;15181;20090;44.7;13.5;;15.2;20.5;14.6;7.9;;7.4;28.6;56.6;47.4;3.6;5.6;43.5;9.2;5.6;1.6;2.5;1.5;-14.9;11640;32720;2.8
284;6867;14739;18970;38.7;14.6;;16.5;20.6;14.1;10.1;;9;30;61.9;54.3;3.5;4.1;37.3;7.7;5.6;2.1;2.1;1.4;-12.5;11380;29750;2.6
285;8259;18296;19260;41.7;17.3;21.4;18.9;19.4;20;13.2;11.6;9.6;31.2;64.8;56.7;3.5;4.6;33.5;9.1;7;2.6;2.6;1.8;-14.4;10630;33050;3.1
286;7689;16196;19650;44.2;14.4;21.9;20.2;15.2;14.3;8.8;13.4;10;25.7;60.8;52.5;2.8;5.5;38.5;8.8;5.5;2.1;2.1;1.3;-13.6;11380;31610;2.8
287;6979;14827;19670;46.3;14.3;21.9;18.7;17.8;14.4;9.5;;7.2;28;62.6;53.5;2.5;6.6;36.4;9.4;6.1;2.1;2.5;1.5;-14.5;11420;32750;2.9
288;6282;14177;15600;29.6;31.9;50.2;45.3;38.8;28.1;19.1;;12.8;47.9;56;48.2;3.9;3.9;33.8;6;15.7;4.1;7.3;4.3;-11.5;8960;27630;3.1
289;7598;16924;17130;37.7;25.3;36.8;33.9;33.1;23.7;16.3;;12.8;41.5;59.1;51.7;4.4;3;36.6;6.6;10.5;3.6;4.1;2.8;-12.8;9490;27900;2.9
290;6509;14445;20020;45.2;13.5;;17;16.1;13.8;9.3;9.5;6.3;27.6;63.6;57.1;3.2;3.3;36.3;7.5;6;2;2.4;1.6;-13.4;11570;32880;2.8
291;6185;14471;16860;37.9;27.7;41.9;37.2;35.7;23.5;14.9;;10.1;41;62.8;54.5;4.6;3.7;32;6.5;12.1;3.9;5;3.2;-13.4;9280;29560;3.2
292;6357;13733;18840;41.7;17.8;28.1;22.2;21.7;18.3;11.5;;9.7;31.1;63.1;55.5;3.2;4.4;35.9;7.5;7.3;2.5;2.9;1.9;-13.8;10620;31680;3
293;7037;14527;20080;47;15.8;32.2;23.7;18.3;15.3;9.2;;5.4;30.2;62.1;53.6;2.9;5.6;36.7;9.7;7;2;3.1;1.9;-15.5;10810;35690;3.3
294;6940;15983;20580;49.5;13.4;;16.3;15.4;14.4;10.4;;6.2;25.8;68.3;60.2;3.1;5;31.7;9.3;5.7;2.5;1.9;1.3;-15;11580;34960;3
295;6813;13756;18640;39.2;19.8;29;26.2;26.5;22.2;12.5;12.5;12.2;34.3;53.8;43.8;3.3;6.7;41.9;10.7;7.6;2;3.6;2;-14;10050;31040;3.1
296;6862;14602;18920;39.9;17.6;35.6;20.5;20.4;19.5;12.1;11.8;8.6;34;57.8;47.2;3.2;7.4;38.7;10.2;7.5;2;3.5;2;-14.2;10620;32550;3.1
297;7019;14958;20290;46.6;13.5;21.2;15.4;18.1;13.4;8.3;;5;23;67.7;60.5;3;4.2;31.9;8.5;6.5;2.1;2.7;1.7;-14.6;11630;34880;3
298;6648;14080;20780;49.4;13.3;;18.2;15.7;11.3;8.2;;5.1;26.9;67.7;56.8;3.4;7.5;33.5;8.1;5.5;2;2.1;1.4;-14.8;11760;33630;2.9
299;6755;15406;19450;45.4;19;27;19.5;23.5;17.8;15.6;14.3;10.4;35.3;67.5;59.1;3.6;4.8;32.4;7.9;7.1;2.5;2.8;1.8;-14.9;10390;33650;3.2
300;6973;13978;19820;44;15.1;;20.2;17.1;17.5;10.6;10.2;9.1;28;57.8;47.9;3.2;6.7;42.7;8.4;5.3;1.5;2.4;1.4;-14.2;11150;32080;2.9
301;6003;14331;21720;53.7;10.2;;12.9;14.2;8.7;;;6.3;22.9;71.6;65.2;3;3.4;32.1;7.3;4.1;2;1.3;0.8;-15.1;12550;35190;2.8
302;6540;12968;19830;45.9;14.8;;17.7;20.5;18.9;8.2;;8.1;29.8;56.1;48;2.7;5.4;43.6;8.6;6.2;1.8;2.9;1.5;-14.5;11200;33150;3
303;6594;14048;20670;47.6;11.4;;11.9;13.1;12;8.8;;5.8;23.8;67.3;60.1;2.9;4.3;35;7.7;4.5;1.8;1.6;1.1;-14.5;12340;34740;2.8
304;6157;13172;17720;34.1;20.7;;25.4;26.9;24.3;14.1;14.9;13.5;40.1;49.4;40.7;4.9;3.8;46.8;8.7;7.3;2.3;3.1;1.9;-12.2;10130;28470;2.8
305;6126;13798;18390;45.8;22.1;29.6;29.6;28.4;21.5;11.6;;7.1;32.2;68.7;59.1;3.4;6.2;29.1;10.5;8.7;2.9;3.4;2.4;-17;9580;34590;3.6
306;6452;14190;18810;41.3;19.2;32.9;20.6;22.3;19.7;12.1;;8;34;68;59.9;3;5.1;30.7;8.1;7.7;2.7;3;2;-14.5;10520;31980;3
307;5903;14411;18060;41.3;23.2;26.9;27.8;29.4;21;21;;12.5;37.9;65.1;57.5;4.1;3.5;31.7;7.6;8.7;3.2;3.3;2.2;-13.1;9590;31220;3.3
308;6016;12820;19830;46.1;12.4;;12.3;16.6;11.3;8.7;;7.6;22.3;66.3;57.8;2.3;6.2;33.9;8.8;5.3;2.1;1.9;1.3;-14.3;12080;32330;2.7
309;6928;15192;19970;43.6;14.6;;18.6;18.5;16.3;8.6;;7.4;28;62.5;51.1;4.3;7.1;34.1;11.8;6.2;2.3;2.2;1.7;-14.6;11490;33590;2.9
310;5957;13385;19600;43.3;12.6;;16.2;15.5;9.8;7.9;;6.7;27;65.7;58.8;2.6;4.3;33.9;8.2;5.4;2.6;1.6;1.2;-13.2;11850;29970;2.5
311;6412;13586;19780;43;14.5;;17.2;18.4;12.8;8.8;12.1;7.9;29.4;62.1;52;3.1;7;35.2;10.8;6;2;2.4;1.6;-14.1;11170;32850;2.9
312;5987;12845;21810;56.4;9.6;;;11;11.1;;;5;20;67;59.1;2.9;5;33.8;11;4;1.8;1.2;1;-15.8;12760;35490;2.8
313;7659;16700;21450;52.7;10.6;;10.8;15.4;11.5;5.7;;6.9;18.9;66.2;54.8;4.1;7.3;34.6;12.3;3.8;1.6;1.3;0.9;-16.9;12390;36630;3
314;7324;14332;21260;54.4;14.5;;17.8;19.7;19.5;10.5;9.8;8.1;24.3;48;37;3.4;7.6;48.5;20.2;3.3;1;1.5;0.8;-20;11250;41530;3.7
315;4872;10566;19290;47.6;18;;27.6;22.5;15.2;12.4;;7.6;29.8;65.8;59.5;3.4;2.9;34.6;6.7;6.9;2.5;2.5;1.9;-14;10650;33520;3.1
316;6527;13720;19950;45.1;17.3;;20.7;20.3;21.5;12.6;10.5;9.8;32.5;54.2;42.8;3.2;8.2;43.8;12.1;5.6;1.7;2.4;1.5;-15.7;10840;35320;3.3
317;7027;14469;21900;52.5;9;;;12.3;9.9;5.7;;5.4;20.5;62.3;53.1;3;6.2;39.9;10.3;3.9;1.5;1.4;1;-16.4;13030;37560;2.9
318;6408;13467;19490;43;15.9;24.2;18.9;20.9;14.8;9.4;;6.9;25.5;65;56.9;3.6;4.5;32.8;8.8;7.6;2.2;3.3;2.1;-14.2;10940;32900;3
319;5891;13023;21040;51.8;15.1;;14.5;16.6;15.9;13.7;13.2;9.7;22.9;66.2;53;3.3;9.9;31.8;18.3;3.8;1.4;1.5;0.9;-20.1;11080;41120;3.7
320;6171;12618;18820;40.4;18.7;32.9;30.3;23.2;19.3;11.6;;10.2;34.8;55.4;46.7;3;5.7;41.8;9;7.4;2;3.4;2;-13.6;10520;32320;3.1
321;6476;13975;20550;46.5;10.8;;12.3;12;11.6;7.6;;5.6;24.6;67.5;59.8;3.3;4.4;34;7.2;5.7;2.3;2;1.4;-14.4;12380;31840;2.6
322;6507;13875;22510;58.9;12.4;;14.1;15.1;13.1;8.6;;8.9;16.6;75.6;61.4;3.2;11;23.9;17.9;2.3;1.2;0.6;0.5;-19.7;11720;43660;3.7
323;5607;12688;19600;44.6;18.2;;23.6;19.9;20.8;13.2;;9.3;32.1;61.3;52.7;3.5;5.1;37.1;9.5;6.6;2.5;2.5;1.6;-14.5;10330;32570;3.2
324;6127;12511;20980;49.3;10.9;;;13.6;12.7;7.3;;7;22.7;58.9;48.3;2.6;8;42.3;10.4;4.1;1.5;1.6;1;-15.7;12380;36200;2.9
325;6249;14587;19050;48.9;21;;23.2;22.1;22.4;19.2;17.2;10.8;30.4;71.2;57.8;3.8;9.6;26.3;15.7;5.6;2;2.2;1.4;-18.8;9820;35830;3.6
326;5786;13180;17150;32;22.5;;28.7;28.4;23.6;16.1;12.2;12;42.1;57.2;49.2;4.4;3.6;37.6;7.9;9.5;3.3;3.7;2.5;-12.2;10030;28420;2.8
327;5633;13244;18850;43.7;19.7;;22.9;27.8;14.8;18.1;;9.8;33.3;68;61.2;3.6;3.2;30.8;7.5;7.8;3.2;2.5;2.1;-14.1;10540;32180;3.1
328;5716;12359;20000;44.4;11.7;;10.7;12.5;12.9;9.2;;7.5;21.4;67.3;56.3;2.4;8.6;30.9;11.3;5;2;1.8;1.2;-14.5;12190;32770;2.7
330;5542;11780;19480;42.2;16.5;25.3;19.3;21.6;16.6;10.1;;8.9;31.3;65.8;57.2;2.9;5.7;34.4;8.1;6.5;2.1;2.7;1.7;-14.8;10670;32730;3.1
331;5505;12017;19710;42.1;14.2;;18.9;15.9;14.7;9.2;;6.7;27.4;62.1;55.8;3.1;3.2;35.2;9.6;6.4;2.1;2.6;1.7;-13.3;11430;32440;2.8
332;5860;11977;20490;46.3;12.3;;14.2;13.2;12.9;8.8;;5;27.4;64.2;58.1;2.6;3.5;36.8;7.3;5.8;1.7;2.5;1.6;-14.1;12010;32650;2.7
333;6110;12650;20460;47.3;13.6;32.5;18.4;18.1;11.3;8.7;;5.9;28.9;59.9;52.8;3;4.1;39.9;9.3;5.8;1.7;2.6;1.5;-14.9;11600;35230;3
334;5041;11462;17690;40.9;21.3;34.9;30.7;27.6;21;11;;9.8;39.6;58.3;52.7;3.7;1.9;38.3;6.3;9.5;3.4;3.8;2.3;-12.4;10110;28790;2.8
335;5362;12518;20730;51.8;13.8;;18.2;17;11.5;11.3;;7.1;27.6;68.5;62;3;3.5;33.2;8;5.2;2.4;1.6;1.2;-14.9;11460;34040;3
336;5310;11020;19130;43;16.5;;21.1;24.4;18.3;9.2;;10.2;32;58.7;49.7;2.8;6.2;39.4;9.3;6.1;1.9;2.7;1.5;-13.5;10700;31180;2.9
337;5544;11520;20000;45.3;13.4;;16.4;16.3;14.4;8.6;;7.8;29.4;61.3;51.1;2.8;7.4;38.3;8.2;5.9;2.2;2.3;1.4;-13.7;11680;31340;2.7
338;5865;13212;20930;47.5;12.3;;12.3;13.3;13;9.7;;6.4;22.3;66.7;58.2;3.2;5.3;32.8;10;5.8;2.2;2.2;1.4;-15.3;11950;35470;3
339;7074;14864;21490;52.6;10.8;;13.5;14.8;12.3;6;;6.1;18.7;57.6;48.4;3.6;5.6;43;11.8;4;1.5;1.5;1;-16.4;12440;36480;2.9
340;6821;16000;22080;46;15.5;17;17.6;19.3;14.5;10.7;;6.7;25.8;79.1;72.5;4.3;2.3;23.4;7.2;4.2;1.8;1.3;1.1;-13.9;11050;45350;4.1
341;5638;12970;20760;44.6;8.8;;10.5;8.9;9.6;;;5.5;21.1;68.2;59.6;3;5.6;32.7;8.1;5.2;2.5;1.7;1;-14.2;13000;32440;2.5
342;5687;12133;18960;39.8;17.5;;22.5;23.2;17;11.9;14.1;10.5;32;58.8;48.8;3.9;6.1;38.9;10.2;5.9;2;2.3;1.6;-13.8;10760;32570;3
343;5264;11974;19910;43.7;11.2;;13.2;11.4;11.2;;;6.8;23;71.8;61.7;3.4;6.7;28.6;7.5;6.4;2.8;2.2;1.4;-14.3;12290;31760;2.6
344;5123;10599;18380;38.3;16.1;;19.8;19.5;16.4;10.1;13.3;8.3;30.6;59.1;52;3.1;4;38.8;8.4;6.6;2.2;2.7;1.7;-12.9;11040;29170;2.6
345;5694;11607;19680;43.6;13.6;;18.1;17.8;13.8;7.5;;6.4;25.9;58.7;50.8;2.9;5;39.1;10.4;6.1;1.8;2.6;1.7;-14.3;11660;33450;2.9
346;5395;11675;19040;42.2;17.8;;23.1;21.3;17.4;12.6;;9;30.6;66.9;58.4;3.5;5;32.8;6.4;7.6;2.5;3;2.1;-13.7;10850;31300;2.9
347;6928;13841;20680;51.1;11.6;;14.9;16.3;14.7;6.4;;6.9;24;50.9;41.5;3.4;6;48.7;13;3.7;1.4;1.3;1;-16.3;12150;35370;2.9
348;5571;11543;19900;44;13;;20.3;16;14.5;8;;6.1;28.1;57.5;48.4;2.8;6.3;42.1;8.9;5.9;1.8;2.5;1.6;-14.4;11580;32690;2.8
349;5786;13105;21090;48.7;9.8;;12.2;9.8;11.6;;;5;22.8;69.8;60.7;2.6;6.5;31.5;8.4;5.2;2.2;1.8;1.2;-14.9;12740;33560;2.6
350;4698;10394;19350;41.5;16.6;28.7;22.3;18.7;16.2;;;6.8;32.2;63.6;57.2;3;3.4;34.8;7;7.8;2.9;2.9;2;-13.2;10860;30800;2.8
351;7512;16885;21280;50.4;9.1;;10;9.8;8.9;;;5;20.3;70.6;60.6;2.8;7.2;31.3;9.6;4.5;2;1.4;1.1;-16;12980;35140;2.7
352;5040;10338;19040;40.6;15.9;;21.4;19.2;18.7;9;;9.7;28.9;56.9;48.7;2.3;5.9;41.4;8.5;6.4;2;2.9;1.5;-13.2;11080;31160;2.8
353;5474;11083;19890;45.1;12.2;;16.3;15.3;12.7;8.3;;5.4;24.2;58.7;50.3;2.4;6;41.2;9.3;5.8;2;2.3;1.5;-15;12030;33420;2.8
354;7054;13483;23180;57.8;12.1;;16.3;15.9;15.1;8.6;;6.5;22.1;54.9;42.4;3.4;9.1;44.1;18.5;3;0.8;1.4;0.8;-20.5;11880;45550;3.8
355;4880;10889;22010;59.3;8.9;;;9.7;;;;6;12.8;77.8;61.7;5.2;10.9;22.7;13.7;3.1;1.6;0.8;0.7;-17.3;13030;36920;2.8
356;5716;11711;19270;45.7;20.3;;27.5;27.1;22;14.2;12;10.3;33.2;51.7;43.2;3.4;5.1;43.8;14.3;6.7;1.7;3.1;1.9;-16.5;9830;37330;3.8
357;5039;10515;20110;46.3;13.6;;17.4;16.6;11.5;9.9;;8.9;29;62.9;54.8;2.7;5.4;35.9;11.2;4.8;1.8;1.8;1.2;-14.8;11510;34000;3
358;6034;12533;20240;47.2;12.5;;16.6;16.6;14.6;8.8;;8.5;23.9;55.1;40.9;3.3;10.9;46.3;10.1;4;1.4;1.7;0.9;-15.5;11800;34990;3
359;4894;11590;17880;42.2;21.4;32.1;26.5;25.9;20.4;15.8;;7.8;34.4;65.9;57.6;4.4;3.9;30.9;8.2;9;3.6;3;2.4;-14;10080;30400;3
360;5213;11076;18860;39.9;16.6;;19.7;22.1;17.7;11.5;;10.6;31.5;55.8;47.9;3.2;4.7;42.7;7.9;6.5;2.2;2.7;1.6;-12.9;10780;30250;2.8
361;5202;11613;19630;50.8;16.7;;15.5;17.2;17.1;18.8;;9.5;25.1;74.5;61.4;5.7;7.4;25.7;11;4.8;1.9;1.8;1.1;-16;10690;33460;3.1
362;4744;10316;18270;40.6;21.5;31.6;32;27.4;22.2;10.6;;8.4;38.4;61.8;53.4;3.4;5;35.1;9.1;8.9;2.5;4;2.4;-14.9;10290;33060;3.2
363;4791;10353;19750;46.2;15.3;;18.7;18.8;15.4;10.2;;8.6;25.7;63.9;56.9;3.3;3.7;35.1;7.6;6.6;2.4;2.6;1.6;-13.2;11260;31150;2.8
364;4410;10162;18680;39.9;19.9;37.3;27.5;23.5;16.2;10.5;;8.4;37.4;65.4;56.8;3;5.6;30.6;9.6;8.1;2.9;3.1;2.1;-13.7;10540;31880;3
365;4599;10128;19280;41.1;16.5;28.9;19.8;20.4;16.1;;;5.6;28.5;65.9;57.3;3.4;5.2;32.5;7.4;7.8;2.7;2.9;2.2;-13.6;11160;31900;2.9
366;4339;9658;21090;52.4;13.2;;16.9;17.6;12.1;;;5.9;25.1;76.1;69.6;4.3;2.2;28.8;5.4;5.2;1.9;1.9;1.4;-15.5;11620;37220;3.2
367;4189;8895;15800;31.4;32.2;43.8;43.7;41.4;34.3;18.9;;15.4;49.8;54;47.2;3.3;3.5;36.9;6.8;14;3.8;6.3;3.9;-11.7;8990;27080;3
368;4563;9053;23680;61.8;13.9;;;17;14.5;12.3;;9.7;18.2;62;47.5;3.4;11.1;29.6;35.1;1.8;0.7;0.7;0.4;-28.5;11130;53630;4.8
369;3997;8666;16840;38.1;28.2;42.3;41;34.5;30;16;;10;43.6;57.6;49.5;3.7;4.4;37.7;7.6;10.9;3.2;4.7;3;-13.8;8800;30340;3.4
370;4581;9745;18560;41.5;19.7;33.9;27.6;24.2;18;12.2;;7.7;35.3;62.8;55.5;3.3;4;35.6;6.5;8.6;2.5;3.9;2.2;-13.5;10420;30520;2.9
371;7192;17048;19670;40.4;11.1;;12;12.8;11.9;7.6;;5.8;23;70;61.7;2.9;5.4;29.3;7.1;6.4;3.1;1.9;1.4;-12.8;12350;30160;2.4
372;4715;9461;20580;48.6;13.1;;16.7;17.2;14.2;8.6;;5.8;25.4;60.1;52.6;3;4.5;40;11;4.5;1.5;1.8;1.2;-15.6;11720;35390;3
373;5127;10999;19040;41.1;14.6;;17.4;16.8;15.6;9.1;;8.2;24.8;64;55.2;2.9;5.9;35.4;7.1;6.6;2.4;2.5;1.7;-13.1;11320;31000;2.7
374;4858;10282;19590;41;12.9;;14.4;15.5;14.6;;;7.2;30.6;59.8;53;3.1;3.7;39;7.6;6.3;2.4;2.5;1.4;-12.7;11720;29400;2.5
375;4871;10997;20860;46.9;11.7;;16.6;12.5;11.6;;;5;27;67.8;61.8;2.8;3.2;31.3;9.2;6.3;2.5;2.2;1.6;-14.6;12190;33910;2.8
376;4701;10110;19620;44.5;17.1;28.8;20.9;17;16.8;12.8;;9.2;28.3;68.6;60;3.6;5;31.3;7.7;7.2;2;3.3;1.9;-14.8;10660;35540;3.3
377;4566;9819;17690;36.3;21;;25.9;27.2;21.5;16.2;13.9;12.2;35.5;56.2;48.2;3.6;4.4;38.8;9.1;8.7;2.8;3.5;2.4;-12.8;10080;29110;2.9
378;4497;9930;17150;35.1;25.4;46;36.9;27;25.7;15.7;;12.4;41.4;53;43.9;4.1;5;39.9;8.5;11.6;3.1;5.4;3.1;-13;9050;29510;3.3
379;5554;11110;21620;57.7;14.6;;18.8;20.3;17.2;11;;8.2;23.9;55;43.2;3.5;8.3;44.1;17.5;3.2;1.2;1.3;0.7;-19.8;10960;41260;3.8
380;4146;9416;17490;39.3;25.1;;29.2;33.5;26.5;19.7;;13.6;39.2;57.3;47.4;4.2;5.7;37.7;9.9;8.6;3;3.1;2.5;-13.5;9760;30790;3.2
381;4493;10662;22590;56;12.5;;15.1;17.2;10.9;;;5.8;25.5;72.1;64.5;3.2;4.4;30.2;9.6;4.7;2.2;1.3;1.2;-16.6;11720;39440;3.4
382;4567;9489;18180;38.6;21.2;;31.3;24.9;23.5;13.4;12.8;11.8;37;51.7;41.2;3.7;6.8;44;9.5;8.5;2.4;3.8;2.3;-13.7;10230;31600;3.1
383;4805;9771;20380;47.2;14.7;;19.2;17.7;16.5;;;5.6;28.2;62.2;53.2;3.1;5.9;39;8.1;6.4;1.7;2.9;1.8;-15.7;11110;35260;3.2
384;4648;9955;17420;36.2;25.9;40.3;28.8;29.6;27.7;19.6;18.9;13.9;38.7;59.2;47.2;4.2;7.8;35.3;11.2;9.5;2.5;4.3;2.7;-15.2;9130;32760;3.6
385;4731;10188;17100;33.8;26;;30.7;30.9;30.7;19.1;;14.4;40.9;57;46.4;3.9;6.7;37.2;8.6;10.4;3;4.5;2.9;-13.2;9230;30410;3.3
386;3892;8120;19760;46;16.9;;27.7;22.1;13.4;10;;7.7;32.4;61.8;55.3;3;3.5;38;7;7.1;2.2;3;1.9;-13.9;10580;32710;3.1
387;4747;10047;19110;42.2;17;;20.7;19.6;18.1;11.6;13.9;8.3;30.1;58.7;49.6;3.2;5.9;38.2;10.7;6.8;2.1;2.8;1.9;-14.4;10670;33480;3.1
388;4224;8840;18880;39.8;15.8;;;20.3;15.4;10.1;;8.8;31.9;59.1;49.5;3.2;6.4;38.9;8.9;6.3;2.1;2.5;1.7;-13.2;11090;30290;2.7
389;4196;8728;19850;42.9;11.9;;;17.3;13.4;;;6.5;27.3;58.2;51.4;2.5;4.3;43.2;7.1;4.9;1.7;2;1.2;-13.4;12150;31000;2.6
390;4452;8956;20260;45.8;13.3;;;17.6;12.3;9.6;;7.2;27.2;60;51.8;2.9;5.3;41.2;6.7;6.1;1.7;2.9;1.5;-14;11580;31850;2.8
391;4570;9863;18990;43.7;20.6;;18;21.2;23.5;21.3;16.3;13;27.6;66.2;50.4;4.3;11.5;30.9;13.1;5.8;1.9;2.4;1.5;-16;9350;34640;3.7
392;4664;9952;19930;42.5;13;;17.4;15.5;14;;;6.2;25.8;60.2;54.3;2.5;3.4;36.8;11.6;5.9;2.2;2.2;1.5;-14.5;11730;33190;2.8
393;3464;7087;19720;44.9;19.2;;20.3;19;18.8;15.7;18.7;11.4;28.6;70.2;58.5;2.8;8.9;30.1;9.3;6.1;1.5;2.9;1.7;-15.7;9860;34550;3.5
394;4417;9115;19870;41.8;13.6;;14.6;18.5;12.4;;;7.5;27;62.1;52.1;2.6;7.4;35.9;10;5.8;1.9;2.3;1.6;-13.8;11580;33200;2.9
395;4181;9047;20050;42.3;12.1;;;17;13.1;;;6.1;24.5;63.1;55.7;2.8;4.6;35.2;10.3;5.4;2.3;1.7;1.4;-14;12100;32380;2.7
396;4439;9743;28270;69.8;7;;;;;;;;14.2;94;86.3;4.7;3;18.3;6.8;2.1;0.8;0.8;0.5;-21.2;14320;50920;3.6
397;3854;7896;19140;42;16.3;;20;22.1;14.3;;;6.7;30.7;62.5;48.8;3.3;10.4;35.1;11.4;6.3;1.9;2.7;1.7;-15.3;11280;33920;3
398;4939;10040;20430;49;12.7;;17.5;19.5;13.8;7.4;;6.8;24;55.6;45.8;4.3;5.5;44.3;10.1;4.4;1.4;1.8;1.2;-14.4;11890;33650;2.8
399;4394;10075;23400;61;7.2;;;8.6;;;;5;11.8;76.9;67.4;2.7;6.8;22.5;14.8;2.9;1.7;0.7;0.5;-17.1;14110;38740;2.7
400;3940;8200;19720;44.4;13.8;;;20.2;14.5;;;6.5;27.5;62;54;2.6;5.4;38;7.7;6;2;2.6;1.4;-13.7;11620;31620;2.7
401;4251;8543;17620;35.7;24;;33.6;31.9;27.6;14.5;;15.6;40.2;52.1;42.5;3.8;5.8;42.9;8.8;8.6;2.1;4.2;2.3;-12.4;9480;30120;3.2
402;3728;7971;20570;48.5;11;;;15.2;;;;5.6;23.8;63.5;53.7;2.3;7.5;35.7;9.7;5.7;2.1;2.3;1.3;-14.6;12250;33380;2.7
403;4825;10621;18010;36.7;22.5;35.8;30.7;26;21.4;13.8;;11.1;35.9;61.6;51.1;4.5;6;33.6;9.9;9.5;3;3.8;2.7;-14.6;10020;32220;3.2
404;4601;9520;19630;43.5;13.9;;;19.4;16.5;8.8;;9.7;24;55.6;43.5;3.6;8.5;43.8;9.1;5.2;1.7;2.2;1.3;-13.7;11570;31530;2.7
405;4109;8108;19420;43;15.5;;22.7;19.4;16;10.2;;8.5;30.9;58.1;49.2;2.9;6;41.5;8.6;5.9;1.7;2.7;1.5;-14.1;11480;32980;2.9
406;3587;7985;18480;42.3;20.4;;24.9;23.4;21.5;12.8;;10.4;33.7;67.1;59.7;3.4;4;29.5;10;7.5;2.4;3.1;2;-14.1;9850;32910;3.3
407;3965;8753;19470;44.5;16.5;;21.1;19;15.7;;;7.7;32.5;67;59.4;4.1;3.5;30.3;9.1;7.4;2.8;2.6;2;-13.8;10880;31540;2.9
408;4024;7991;19760;44;12.9;;;16.4;;;;7.1;26.3;56.2;48.2;2.7;5.3;42.2;10.1;5.4;1.6;2.3;1.5;-13.9;11700;32220;2.8
409;3427;7371;16770;35.5;28.8;45.5;40.3;34.8;27.1;16.3;;11.9;44.8;58.1;49.1;3.5;5.5;32.9;9.1;12.8;3.2;6.1;3.5;-12.9;9170;29920;3.3
410;3803;7919;18650;40.7;20;;25.3;29;20.9;12.8;14.9;10.6;36;56.3;45.9;3.3;7.1;40.3;11.3;6.5;2.1;2.6;1.8;-14.4;10200;32640;3.2
411;3933;8839;21390;52.5;11.8;;16.1;14;;;;5;21.8;70.7;63.2;3.4;4.1;30.9;7.6;4.8;2.2;1.5;1.1;-14;11980;33410;2.8
412;3809;8260;19040;43;19.7;;22.9;22.4;17.9;15.7;;;31;74.9;65;6.2;3.7;27.8;4;7.5;2.4;2.8;2.3;-14.2;10450;33890;3.2
413;3481;7970;19190;46.3;15.5;;21.3;17.4;13.2;;;7.5;25.1;66.8;59.1;3.7;4;31.6;7.4;8.1;3.2;3;1.9;-13.9;11410;30840;2.7
414;3594;7007;18910;43.7;17.6;;23.3;24.4;20.2;;;9.8;32.7;54;46.3;2.7;5;43.7;8.7;7.1;1.9;3.5;1.7;-13.5;10390;31060;3
415;3685;8074;21090;52;16.1;;23.7;19.9;13.5;;;6.2;28.7;74.7;66.1;3;5.6;29.6;8.8;4.5;1.5;1.7;1.3;-17.6;10680;39890;3.7
416;3631;7306;19600;44.6;14;;;18;15.9;;;8;29.2;56.4;48.9;2.3;5.2;43.6;9.7;4.7;1.6;1.9;1.2;-14.4;11440;32670;2.9
417;3444;7334;19730;45.4;15.9;;22;18.5;19.8;;;8.1;29;60.4;51.9;2.6;5.9;37.5;10.5;5.8;2.1;2.1;1.6;-14.2;10730;32850;3.1
418;3723;7864;20350;45.9;12.7;;;18.3;;;;5;24.1;65.8;56.7;2.6;6.5;34;8.5;6.7;2;2.9;1.8;-15;12110;35040;2.9
419;3638;7700;18150;37.4;18.3;37.3;22.4;21.4;20.9;;;7.6;35.6;61.4;53.3;4.2;3.9;36.6;6.5;8.5;2.6;3.6;2.3;-13;10450;28810;2.8
420;3654;7953;19250;39.7;14.1;;19.9;15.9;15.7;;;6.1;27.2;66.2;58.4;3.9;3.9;32.3;7.8;6.6;2.5;2.4;1.7;-12.9;11600;30760;2.7
421;3920;7435;20380;46.2;11.6;;;18.9;15.6;;;8.5;25.9;44.6;35.5;2.8;6.3;55.8;10.7;3.5;1.3;1.5;0.7;-14.6;12190;34730;2.8
422;3582;7357;19200;43.1;15.1;;28.6;16.8;16;;;8;32.2;53.8;46.2;3.4;4.2;44.6;9.7;5.6;2;2.3;1.3;-13.7;11110;31540;2.8
423;3832;7834;20170;44.4;13.9;;19.4;16.9;14;;;6.2;29.4;58.8;49.3;2.4;7.1;40.5;10.2;5.9;1.8;2.5;1.6;-15.4;11350;34480;3
424;3600;8324;21200;48.6;13.3;;;11;13.6;13.5;;8.4;24.9;66.6;56.7;3.3;6.6;33.9;11.5;4.1;1.9;1.3;0.9;-16.1;11510;37310;3.2
425;3470;8043;18980;39.4;14.3;;18.9;17.4;12.8;;;7.4;28;64.4;55.4;3.3;5.7;33.6;8.1;6.5;2.8;2.1;1.6;-12.6;11600;29910;2.6
426;3556;7482;19050;40.9;17.7;;29.7;20.5;18.9;;;8.8;37.3;56.1;48.8;3.1;4.2;42.7;8;6.7;2.3;2.6;1.8;-13.5;10440;31290;3
427;3158;6712;18200;39.2;21.8;;32.3;28.9;19.1;;;9;37.8;60.9;52;3.6;5.3;36.1;7.4;9;2.6;3.8;2.6;-13.4;10090;31130;3.1
428;3606;8331;19770;40.9;10.6;;;12.5;;;;6.2;25.4;67.9;61.2;2.6;4.1;31.4;7.8;5.8;2.8;1.8;1.2;-12.9;12440;30190;2.4
429;3127;7015;17280;39;26;38.5;38.5;34.5;23.9;;;10.2;42.9;58.6;51.1;3.8;3.7;36.3;7.6;10.7;3.2;4.7;2.8;-13.2;9790;28980;3
430;4142;8334;23160;57.4;10.3;;;14;13.3;;;7.4;18.6;51;39.2;3.1;8.7;47.3;18.2;2.4;0.9;0.9;0.6;-18.9;12490;46380;3.7
431;3798;7981;19560;46.5;19.1;;27.5;23.4;19.8;15;;11.8;28.6;54.4;41.9;3.6;8.9;42.7;14.6;5.4;1.7;2.1;1.6;-17.1;10460;36700;3.5
432;3338;8498;19960;40.4;8.4;;;;;;;5;25.5;73.3;64.1;2.6;6.6;26.2;8.1;5.5;3.3;1.2;1;-13.1;13090;30680;2.3
433;3664;7317;19020;39.6;17.4;;25.4;21.3;15.9;;;8.4;33.9;55.3;49.3;3.1;2.9;42.5;7.4;7.5;1.9;3.7;1.9;-12.7;10680;30130;2.8
434;3281;8351;20630;44.7;8.8;;11.5;9.6;;;;5.8;20.3;72.6;64.9;3;4.7;25.4;10.3;5.7;3;1.7;1;-14;13030;32380;2.5
435;3961;8891;20530;48.8;15;;17.3;15.6;17;13;;8.2;25.6;65.5;53.7;4;7.8;33.2;12.8;5.1;1.8;2;1.3;-16.6;11510;35450;3.1
436;3530;6817;19820;43.6;14.6;;24.8;20.7;;;;6.5;28.4;57.1;49.9;2.5;4.7;42.2;7.5;7;1.8;3.4;1.8;-13.8;11500;31470;2.7
437;3478;7531;18170;39.3;19.4;;26.9;26.7;16.6;;;10.4;35.7;58.9;50.1;3.7;5.1;38.5;8.5;7.1;2.4;2.8;1.9;-13;10360;30580;3
438;3997;7994;20310;48.4;14.2;;17.9;20;14.6;;;7.1;24.8;57.5;45.8;3.9;7.8;40.1;12.9;4.7;1.7;1.7;1.3;-15.2;11350;34990;3.1
439;3779;8075;18430;38.2;19.2;;21.7;22.8;21.7;13.6;;9.9;32;58.1;49.6;3.2;5.3;37.7;9.5;8.3;2.6;3.4;2.3;-13.6;10520;31440;3
440;3618;7284;20000;45.3;13.9;;;17.8;15.7;;;8.9;26.8;56.3;47;2.2;7.1;44.3;10.3;4.6;1.3;2.2;1.1;-15.5;11550;33530;2.9
441;3542;7653;18840;41.4;19.5;;23.1;24.2;18.5;12.7;;10.8;32.2;61.8;53.7;3.4;4.7;35.1;8.7;7.6;2.4;3.2;2;-13.2;10500;32490;3.1
442;3163;7249;23210;58.5;12.4;;;12.1;14.2;;;5;23.9;85.5;78.5;5.1;1.9;21.8;6;3.9;1.5;1.4;1;-17.2;11840;42390;3.6
443;4081;8314;18690;41.8;20.8;;27.1;32.7;22.3;14;;13.8;32.4;49.1;37.1;4.4;7.6;47.7;12.6;6.4;1.8;2.9;1.7;-15.8;9760;33270;3.4
444;3557;7401;19270;40.9;14.3;;;17.5;15.9;;;6.3;29.5;57.9;50.6;3.4;3.9;40.6;7.5;6.3;2.2;2.4;1.7;-12.3;11170;29970;2.7
445;3275;6608;17490;30.5;22.7;;36.2;29.5;25;14.3;;11.5;43.7;50.2;41.6;3.8;4.8;44.6;7.6;9.6;2;5;2.6;-12;9600;28430;3
446;2763;6055;16750;31.7;25.6;;35.5;36;24.6;16.9;;13.9;44.2;55.8;49;4.7;2.1;40;6.2;9.4;3;3.9;2.5;-11.4;9780;27380;2.8
447;3752;7615;20890;50.5;11.1;;;;14.9;;;7.5;22.2;53;44.6;3.2;5.2;48.1;10.3;3.8;1.6;1.4;0.8;-15.2;12300;34690;2.8
448;2785;6248;19050;43.2;18.2;;28.6;22.9;17.6;;;7.7;32.6;62.8;55.9;3.7;3.2;34.5;8.8;7.7;2.7;3.1;1.9;-13.8;10520;30740;2.9
449;3413;7969;20000;45.7;12.1;;14.1;13.1;;;;6.7;24.8;72.3;63.3;2.8;6.2;26.8;7.7;6.3;2.9;2;1.4;-13.1;12060;31020;2.6
450;3539;7295;19330;44.2;18.9;;28;27.1;19.1;;;7;32;59.2;50.8;3.2;5.2;38;9.6;7.4;2.2;3;2.2;-14.2;10440;33830;3.2
451;3657;6880;19110;44.2;19.4;;28.6;29.2;21.6;14.7;;10.1;29.6;45;36.3;3.8;4.9;48.6;15.1;6.3;1.6;2.8;1.9;-15;9870;35210;3.6
452;3144;6734;18090;38.1;21.8;;31.9;24.5;23.1;12.3;;10.5;38.1;56.9;47.1;3.3;6.5;38.9;9.4;8.5;2.6;3.6;2.3;-13.7;10060;30760;3.1
453;4254;8380;24030;61.8;7.8;;;15.1;;;;5;17.7;42.1;33.4;2.6;6.1;59.5;13.9;2.5;0.9;1;0.6;-18;13520;42230;3.1
454;3715;8307;21740;55.1;10.8;;;14.4;;;;5;22.2;68.2;61.4;3;3.8;33.7;8.8;4.6;2.2;1.4;1;-15.3;12400;34400;2.8
455;3554;7473;18070;36.1;22;;27.3;27.3;24.2;16.2;;12.5;36.7;56.6;44.6;4;8;39.5;9.5;8.2;2.5;3.4;2.3;-13.8;9790;31520;3.2
456;3387;7231;20750;51.9;12.8;;18;16.6;;;;5.3;26.6;66.3;54;2.9;9.4;31.4;13.1;5.4;2;2.1;1.3;-16.2;11780;36430;3.1
457;4628;10754;19590;39.8;12.4;;12.3;15.1;12.7;9.2;;6.9;25.2;66.2;55.3;3.1;7.8;31.6;9.3;6.1;2.7;2;1.4;-13.2;12040;31310;2.6
458;3715;8083;18550;39.7;19.9;;27.4;24.7;21.4;11.3;;11.9;31.5;57.5;46.8;3.9;6.8;39.5;8.3;8.2;2.5;3.6;2.1;-13.5;10500;30190;2.9
459;2869;6633;15670;28.3;32.4;50.5;47.9;37.8;29.6;17.8;;14.2;51.6;55.6;46.6;4.5;4.5;32.9;6.7;15.6;4.1;7.6;3.9;-10.8;8800;27070;3.1
460;3557;7314;18980;38.2;16;;;19.2;19.4;11.4;;10.3;30.7;53.2;46.1;3;4.1;45.4;7.4;6.2;2;2.6;1.6;-12.2;10910;30590;2.8
461;3164;6542;19070;40.8;16;;23.2;18.3;18.4;;;6.5;32.3;55;48.8;2.8;3.4;41.9;9.1;7;2.5;2.6;1.9;-13;11050;30130;2.7
462;3421;7581;20660;44.1;9.9;;;11.3;;;;5.6;20.3;69.5;59.3;2.9;7.3;29.1;10.3;5.4;2.3;1.8;1.3;-14.3;12700;33400;2.6
463;3151;7118;18570;42.8;21.8;;21.1;32;19.3;19.4;;9.6;38.2;63.9;56.6;3.8;3.5;32.3;11.6;7.7;3;2.7;2;-15.5;9560;32130;3.4
464;3412;7036;19810;44.3;15.4;;20;22.1;14.1;;;7.6;28.8;59.3;51.9;4.4;3;40.5;7.5;5.9;1.9;2.4;1.6;-13.2;11050;32090;2.9
465;3854;8109;18860;42.9;18.4;;27.5;22;18.4;;;9;30;61.8;54;3.3;4.5;35.9;9;7.9;2.5;3.3;2.1;-14.6;10430;33120;3.2
466;4238;8677;22530;54.8;9.6;;;;12.4;;;6.1;19.7;56.3;39.6;2.3;14.4;44;13.8;3;1.2;1.1;0.7;-17.1;12840;41840;3.3
467;3253;6652;19440;42.8;15.3;;;19.4;17.5;;;8;25;59.7;54.3;2.6;2.8;38.5;8.2;6.8;2.3;2.7;1.8;-13.2;11470;31560;2.8
468;3330;6815;20770;48.3;12.3;;;;;;;7.3;23.2;57.8;47.8;3.1;6.9;42.3;10.6;4.1;1.4;1.7;1;-14.8;12000;35750;3
469;2817;5852;18040;40.3;21.3;;30.8;27.9;21.1;;;8.7;37.5;57.2;48.6;2.9;5.7;37.9;9.3;9.6;2.7;4.4;2.5;-14;9900;31580;3.2
470;2797;5981;19550;47.1;16.1;;21;16.8;;;;9.8;28.5;62.9;54.7;2.9;5.3;37.5;8;5.2;2.2;1.7;1.3;-13.6;10890;32530;3
471;3055;6417;19710;42.1;12.3;;;;;;;7.9;24.5;58.6;49.6;2.2;6.8;40.7;9.6;4.4;1.7;1.7;1;-13.3;12040;31940;2.7
472;4341;9609;21100;44.1;13.1;;13.7;17.4;13.2;;;6.3;26.7;59.5;51.1;2.9;5.5;29;19.8;5.4;1.8;2.1;1.5;-13.7;11710;35320;3
473;3691;7875;21540;53.2;10.7;;;16.2;;;;6.8;19.5;58.9;49.2;3.7;6;42;11.6;3.7;1.5;1.3;0.9;-16.2;12440;36240;2.9
474;2893;6290;20250;46.3;11.5;;;;;;;8.2;19.8;66.5;56.5;2;8;31.5;11.3;5.1;1.9;2.1;1.1;-14.4;12250;32180;2.6
475;3232;6991;17320;35.2;24.4;;31.3;29.4;24.6;;;13.3;38.5;60.5;51.6;3.9;5;32.3;9.2;10.8;2.8;5.1;2.9;-12.8;9650;29150;3
476;2810;6275;18030;40.2;20.4;38;25.7;26.9;18.9;;;7;33.1;66.3;57.7;4.1;4.5;31;7.3;9.3;2.8;4.1;2.4;-13.9;10170;31100;3.1
477;3355;7327;19820;43.1;10.3;;;13.8;;;;6.9;23.4;67.1;60.2;3.3;3.6;33.6;6.9;5.5;2.4;1.9;1.2;-13.1;12560;29660;2.4
478;3442;7185;18770;40.7;17.3;;24.7;21.3;17.7;;;10.3;34;58.6;49.8;3;5.8;39.7;8.7;6.5;1.9;2.8;1.8;-13.5;10470;31110;3
479;3300;6629;20360;46.4;12.1;;;16.9;;;;7.8;22.8;57.4;50.5;2.8;4.1;42.6;8.8;5.1;1.7;2.2;1.2;-13.9;11880;32600;2.7
480;8326;21152;20100;39.8;9.1;;8.6;10.4;10.6;5.9;;5.2;22.1;74.6;65.8;2.7;6.1;23.7;8.5;5.9;3.4;1.4;1.1;-12.7;12960;30240;2.3
481;3225;6993;19030;36.9;13.2;;;16.6;;;;7.4;29.5;63.1;54.6;3.4;5.1;35;8.5;6.3;2.5;2.3;1.5;-12.9;11690;30190;2.6
482;3121;7356;20150;43.7;12.5;;17;;;;;8.1;24.7;63.7;54.3;3.7;5.7;35.5;9.2;5.3;2.2;1.9;1.2;-13.7;11750;32650;2.8
483;3190;6649;20460;44.9;13;;;15.3;;;;5;28;64.3;58;2.8;3.5;35;10.7;5.2;1.9;1.9;1.4;-15.2;11580;35250;3
484;3317;7657;20650;45.6;11.1;;;14.2;;;;5.7;25.6;65.1;54.8;3.1;7.2;34.9;8.9;5.4;2.5;1.6;1.3;-14.3;12250;31830;2.6
485;2899;6509;18260;39.5;17.1;;23;21.1;16.2;;;6.8;32.7;62.7;55.6;3.3;3.8;35.1;6.9;7.9;2.6;3.4;1.9;-12.6;11080;28620;2.6
486;2605;6244;20720;48.9;8.2;;;;;;;5;15.6;71.9;63.5;2.4;6;30.4;7.4;4.9;2.8;1.2;0.9;-14.6;13170;33030;2.5
487;3034;5787;18370;39.3;19.9;;27.9;26;20.3;15;;10.9;35.3;54.8;44.9;2.9;7;41.9;8.8;7.7;1.9;3.8;2;-13.2;9970;31390;3.1
488;2656;5836;16320;33.9;28.5;51.4;34.4;37.3;30.4;;;10.7;48.8;55.4;47.2;3.5;4.7;36;8.5;12.5;3.5;5.6;3.4;-12.4;8990;28310;3.1
489;2694;5824;17020;34.7;24.5;;31.7;29;25.5;;;8.9;40;60.6;50.7;3.8;6.1;34.4;7.7;10.7;3;4.7;3;-13.4;9510;29360;3.1
490;2999;6286;20210;46.8;13.4;;;;;;;6.1;26.3;60.3;52.3;2.6;5.4;37.4;11;5.5;1.9;2.2;1.4;-14.2;11650;32860;2.8
491;2990;6442;19670;39.4;12.4;;;14.6;;;;7.1;28.3;58.5;51.3;2.6;4.6;40.2;8.6;5.6;2.2;2.1;1.3;-12.9;11970;30670;2.6
492;2832;5830;19400;42.5;14.6;;;18.2;;;;9.7;29.7;55.6;44.8;2.8;8;44.2;8.8;5.6;1.9;2.4;1.3;-14.2;11300;33030;2.9
493;3338;7814;18310;36.5;19.8;;21.6;22.8;20.6;15.6;;13.3;33.5;65.5;54.6;4.7;6.2;31.4;8.9;7.6;2.7;3;1.9;-13.4;10030;30250;3
494;7383;18263;19840;39.4;8.9;;8.2;11.9;8.5;;;5.9;20.5;71.5;62.9;2.8;5.8;27.9;7.5;5.3;3.1;1.2;1;-12.2;13030;29870;2.3
495;3192;6687;18850;40.6;15.2;;21.5;18.6;15;;;7.1;29.4;59.1;52.2;2.6;4.3;38.8;8.5;6.7;2.2;2.7;1.8;-13.1;11210;31320;2.8
496;9181;22955;20100;39.7;8.3;;7.8;9.8;10.4;;;5.1;21.4;72.6;64.9;2.6;5.1;26;8.9;5.5;3.3;1.2;1;-13;13280;29870;2.2
497;3080;6419;21040;50.9;11.4;;;;;;;;24.4;68.7;60.4;2.5;5.8;32.6;9.5;5.5;1.8;2.4;1.3;-16.3;12030;35380;2.9
498;2837;5542;19160;41.8;17.5;;;24.2;;;;9.6;32.3;52.6;43.7;3.4;5.5;45.4;10.3;5.6;1.7;2.4;1.5;-13.9;10810;32490;3
499;3437;6332;17770;35.3;23;;33.9;30;30.2;16.1;;13.4;37.1;45.5;36.1;3.7;5.7;49.6;10.5;8.2;1.6;4.1;2.5;-13.8;9410;29480;3.1
500;2862;5541;19930;46.5;15.9;;;;;;;9.2;29.5;53.9;46.9;2.7;4.3;46.3;7.6;6.6;1.8;3.1;1.7;-14.4;11210;32070;2.9
501;3189;6433;18800;39.7;16.2;;;18;;;;8.9;28;56.9;48.6;3;5.3;39.4;9.6;7.2;1.9;3.3;2;-13.1;11110;31680;2.9
502;2923;6296;16920;34.4;25.3;;36.2;32.7;24.1;16.8;;12.4;42.1;56;45.1;4.4;6.5;37.5;9.4;9.5;2.9;4;2.6;-12.4;9540;30470;3.2
503;2823;5678;20220;48.4;12.2;;;;;;;5.9;25.9;58.9;51.7;2.5;4.7;41.8;8;4.9;1.8;1.9;1.2;-13.6;12030;30490;2.5
504;2746;5834;19640;44.9;16.4;;25;17;;;;8.7;29.3;63.4;55.8;2.6;5;35.9;8.3;6.6;2.3;2.6;1.7;-14.2;10930;31220;2.9
505;3416;6939;21240;53.4;12.6;;;17.8;;;;8.3;22.6;54.9;41.4;3.1;10.4;44.4;13.8;3.4;1.2;1.4;0.8;-16.5;11780;37360;3.2
506;2305;5101;20030;46.6;13.6;;;17.4;;;;7.2;26.7;63.6;54.7;2.9;6;35.4;8.3;6.2;2.4;2.3;1.5;-13.5;11750;31250;2.7
507;2999;5970;22380;57.1;10.8;;;;;;;;24.4;65.7;57;2.8;5.9;37.7;10.3;3.8;1.2;1.6;1;-17.5;12320;38080;3.1
508;3082;6159;19120;40.3;16.3;;;20.3;;;;8.2;30.6;53.3;45.6;3.4;4.3;45;9.2;5.5;1.6;2.4;1.5;-13;11100;31480;2.8
509;2958;6333;18100;38.9;23.5;;27;27.8;24.1;17;;14.3;36.7;63;50.5;3.8;8.7;35.1;8.8;7.5;1.9;3.6;2;-14.4;9790;31950;3.3
510;3140;6502;19260;42.2;16.2;;22.8;19.8;18.9;;;7.1;30.9;54;46.5;3.5;4;43.8;8.4;7.3;2.3;3.1;1.9;-13.5;10970;32140;2.9
511;3082;6193;20010;44;15.6;;;19.2;;;;7.9;29;56.6;46.3;2.8;7.5;40.6;10.6;6.9;1.7;3.4;1.8;-14.7;11120;35530;3.2
512;2388;5563;17880;36;22.5;;31.2;25.6;20.9;;;11.3;43.1;63.2;56.5;3.3;3.4;33.1;5.5;10.1;3.5;4.2;2.4;-11.9;9950;28290;2.8
513;2726;6034;17690;38.7;20.8;;28.9;26.9;21.1;;;7;36.7;64.4;56;3.7;4.7;33.8;7.3;9.5;2.9;4;2.6;-15;10380;29030;2.8
514;2552;5620;19940;47.5;15.6;;;21.9;;;;6.1;32.1;61;52.1;3.5;5.4;39.1;8.1;6.3;2.4;2.2;1.7;-14.5;10580;33820;3.2
515;2981;7478;19620;40;11.6;;;11.6;;;;6.8;29.4;72.9;64.2;3;5.7;25.3;7.8;6.6;3.5;1.8;1.3;-12.6;12390;29620;2.4
516;4200;8716;19560;40.6;13;;;14.2;13.2;;12.7;7.7;24.2;59.5;50;2.1;7.4;38.2;10.5;5.1;1.8;1.9;1.4;-13.3;11900;30940;2.6
517;2861;5900;19070;43.4;19;;26;24.8;20.1;;;9.5;31.2;56.4;44.3;3.9;8.2;40.5;12.4;6.3;1.8;2.8;1.7;-15.6;10200;35770;3.5
518;2348;5497;14480;28.8;39.2;;49.7;47.6;43.3;19;;18.5;58.8;52.8;45.1;4.5;3.2;34.9;7.2;15.9;4.7;6.9;4.3;-10.8;8370;25210;3
519;3084;6765;20670;47.6;13.8;;;18.3;;;;6.4;24.9;62.9;53.9;3.5;5.5;36.1;10.1;5.4;2.1;1.9;1.4;-14.5;11670;34500;3
520;2917;6198;19770;40.7;13.1;;;19.2;;;;6.7;24.5;61.5;52.1;2.8;6.6;36.9;8.3;5.9;2.1;2.3;1.5;-12.6;11640;30030;2.6
521;2430;5991;21150;50.7;6.7;;;;;;;;22.7;75.1;67.5;2.5;5.1;26.6;9;4.4;2.4;1.1;0.9;-15.1;13960;33330;2.4
522;3722;8308;22370;60.5;8;;;9.9;;;;5.4;14.2;77.7;62.9;4.4;10.4;23.1;13.2;3;1.8;0.6;0.6;-17;13510;36870;2.7
523;2362;5187;16940;33.8;27.1;;43.8;33.7;26;;;13.3;47.1;57.5;49.2;3.9;4.4;36.5;7.7;11.1;3.6;4.5;3;-12.8;9280;28760;3.1
524;2547;5694;18820;45.6;18.3;;23.2;21.2;;;;;26.8;72;65.4;3.3;3.3;27.8;7.5;7.9;2.9;2.7;2.3;-15.2;10630;35250;3.3
525;2881;5871;19410;42.2;14.5;;;19.5;;;;8.3;25.9;59.3;51.4;2.8;5.1;37.2;10.4;6.8;2;3.1;1.7;-13.7;11380;32170;2.8
526;2562;5584;20140;48.1;14.1;;;18.2;;;;;27.8;60.5;53.7;3.1;3.7;39.1;7.4;6.7;2.4;2.6;1.7;-13.7;11580;31990;2.8
527;2953;6145;18650;44.8;22.5;;25.7;29.3;23.5;17.2;;12.7;33.1;63.6;48.8;3.9;10.9;35.1;12.9;5.4;1.5;2.3;1.6;-17;9460;35330;3.7
528;2684;5890;21510;50.3;11;;;;;;;5.4;25.4;62.9;53.5;2.4;7;39.7;8.1;4.4;1.8;1.6;1;-15.1;12400;36940;3
529;2679;5522;18710;41.5;19.1;;23.4;27.8;18.7;;;9.9;34.8;59.8;51;2.3;6.5;36.7;9.4;7.6;2.2;3.4;2;-13.5;10170;31870;3.1
530;2711;5229;19480;44.2;15.2;;;;;;;;26.8;59.3;51.3;3;5;40.5;7.9;6.9;1.9;3.1;1.9;-14.6;11200;33580;3
531;2266;5071;18090;38.3;18.7;;;20.8;22.2;;;11.3;34.4;59.9;51.7;4.3;3.9;36.4;8.6;7.7;2.3;3.4;2;-12.6;10340;29500;2.9
532;4792;11294;19030;37.8;13.9;;14.5;14.6;16;10.6;;8.9;27;66.6;57.5;3.2;5.9;32.5;7.4;6.2;2.9;1.9;1.4;-12.7;11530;30090;2.6
534;2632;5427;18870;38.2;16.1;;;21.2;;;;8.8;27.9;60.8;52.8;3.4;4.6;36.3;8.8;7.5;2.3;3.3;1.9;-13.4;10740;30680;2.9
535;2622;5484;20060;44.3;11.9;;;;;;;7.7;25;61;51.3;3.1;6.6;38.7;9.9;4.3;1.6;1.6;1.1;-13.9;12040;31980;2.7
536;2744;5546;20400;45.4;10.2;;;;;;;5.4;22.3;56;45.6;2.1;8.3;38.3;16.8;4.4;1.6;1.7;1.1;-15.5;12600;34580;2.7
537;3046;6223;19600;43.1;16.8;;25.3;20.9;21.7;;;9.4;28.4;57.1;43.1;4.5;9.5;37.3;13.5;6.4;1.9;2.7;1.8;-14.3;10610;33490;3.2
538;2667;5418;18950;39.5;16.2;;;20;18.6;;;9.4;33.4;55.1;48.1;2.9;4.1;43.1;8.7;6.4;2;2.8;1.6;-13.3;10610;30300;2.9
539;2657;6076;18470;41.2;19.8;;23.4;24.1;20;;;;31.8;67.4;60.4;3.6;3.4;29.2;5.6;10.3;3.2;4.4;2.7;-12.5;10300;29410;2.9
540;2276;4681;21600;53.4;9.6;;;;;;;;17.6;64.5;56.9;2.7;4.9;36;9.7;4.5;1.8;1.6;1.1;-14.7;12800;34980;2.7
541;2809;6012;20040;46.6;13.5;;;17.5;;;;8.4;25.9;59.9;53.6;2.8;3.5;39.5;9.9;5;1.9;1.9;1.2;-14.3;11710;32290;2.8
542;2291;4839;17650;36.1;22.4;;31.7;26.6;25;16.9;;10.8;40.4;55.1;47.4;3.3;4.4;40.8;7.3;9.2;2.5;4.3;2.4;-12.4;9810;29810;3
543;2701;5905;19980;43.4;12.2;;;;;;;6.4;26.3;59.8;51.7;2.7;5.4;38.9;9.8;5.3;1.9;2;1.4;-13.8;12110;32060;2.6
544;2534;4871;18400;36.7;17.9;;;25.3;;;;11.4;32;52.2;45.3;3.1;3.8;44.2;7.9;7.3;1.8;3.6;1.9;-11.6;10660;28920;2.7
545;2447;6003;20500;52.3;13.3;;16.5;16.5;;;;6.2;23.2;75.7;69.3;3.2;3.2;25.6;7.9;5.4;2.7;1.4;1.3;-14.6;11650;33860;2.9
546;3295;7629;20000;43.7;10.2;;;11.9;;;;5.1;24.7;68.8;61;3.3;4.5;30;9.7;5.4;2.6;1.6;1.2;-13.9;12580;31500;2.5
547;2296;4748;20660;47.5;10.7;;;;;;;;23.1;66.4;59.2;2.6;4.6;33.4;9.9;5.1;2;1.8;1.3;-14.8;12510;34620;2.8
548;2307;5153;17350;37.2;24.1;;34.4;26.7;27.5;;;10.8;42.2;54.5;48.1;3.9;2.5;39.5;7.9;10.1;3.2;4.4;2.5;-12;9690;27910;2.9
549;2518;5471;19380;39.3;11.5;;;;;;;5.9;23.6;60.8;53.5;2.2;5.1;36.9;10.6;5.4;2.3;1.7;1.4;-13.7;12270;29980;2.4
550;2037;4697;18510;38.6;21;;26;28;;;;12.9;31.4;65.5;57.4;3.2;4.9;32.5;8.3;7.5;2.7;2.9;1.9;-13.8;10090;32070;3.2
551;2807;5216;20480;48.9;12.8;;;;;;;8.9;20.1;54.1;43.1;3.5;7.5;44.5;12.6;3.9;1.1;1.7;1.1;-15.1;11520;34270;3
552;2381;4898;18480;39.1;19.3;;;23.5;;15.2;;10.5;36.1;54.5;46.5;3.5;4.5;42.7;9.1;6.8;1.9;3.1;1.8;-13.1;10400;30620;2.9
553;2430;4997;19970;46.6;13.1;;;;;;;;27.7;61.6;53.9;3.1;4.6;40.1;7.2;5.7;2.1;2.1;1.5;-14.6;11500;31130;2.7
554;2430;5196;19830;43.3;13.8;;;14.8;;;;7.3;24.6;68.4;60.3;3.1;5;31.2;7.8;7.1;2.7;2.6;1.8;-14.5;11870;31490;2.7
555;2677;6229;20660;45.1;9.2;;;;;;;6.1;21.1;70.5;61.4;3;6.1;30.3;7.9;4.8;2.5;1.4;0.9;-13.5;12940;30960;2.4
556;2528;5164;18900;38.9;17.7;;;;20.4;;;9.4;33.4;52.4;43.1;2.5;6.8;44.6;10.5;6.5;1.9;2.8;1.8;-14;10420;33230;3.2
557;2355;5497;20680;52.9;12.4;;;;;;;;20.4;76.6;70.6;3.5;2.5;25.8;6.6;5.3;2.2;1.8;1.3;-14.3;12020;33640;2.8
558;2700;5619;18940;40.1;17.6;;27.5;21.1;;;;7.8;32.5;61.6;51.9;3.3;6.4;35.4;9;7.4;2.1;3.1;2.2;-13.4;10810;32580;3
559;2132;4360;18560;42.2;19.1;;;;;;;8.7;36.1;60.1;51.5;2.9;5.7;38.1;8.3;7.7;2.1;3.5;2.1;-14.2;10140;31480;3.1
560;2429;5513;19560;43;14.9;;22.9;18.1;;;;8.2;29.4;61.7;54;3.1;4.6;36.6;7.7;6.6;2.8;2.3;1.5;-12.6;11080;31380;2.8
561;2868;6265;17620;34.4;20;;20.9;28.1;;;;11.7;31.3;58;50.6;4.2;3.2;37.4;7.2;9.3;2.9;4;2.4;-11.9;10380;27930;2.7
562;2187;5221;17730;37.4;23.6;;30.1;29.5;20.4;;;12.3;43.6;65.9;56.3;4;5.6;30.9;7.2;8.9;3.3;3.5;2.1;-12.9;10010;29830;3
563;2877;5612;17700;36.8;21.5;;30.9;30.2;25.9;14.2;;10.3;36.3;46.5;37.5;3.3;5.7;49.9;8.1;8.4;2;4.1;2.3;-12.9;9720;29210;3
564;2586;5179;18710;41.3;18;;;22.8;;;;;31.1;52.9;46.8;2.7;3.4;41.4;10.2;8.4;2.4;3.6;2.4;-12.9;10410;31150;3
565;2475;5113;19930;45.2;13.1;;;;;;;6.4;24.3;64.7;57.8;3.1;3.8;35.8;8;6;2.1;2.4;1.5;-14.5;11730;32060;2.7
566;2372;5603;18650;36;14.3;;19.7;17.8;;;;6.4;31.9;65.4;58;3.6;3.8;32.4;8.1;7.1;3.1;2.3;1.7;-13;11540;28410;2.5
567;2158;4635;21220;55;11.4;;;;;;;;21.8;67.7;59.9;3.1;4.7;34.9;8.2;3.5;1.7;1;0.8;-14.3;12020;32960;2.7
568;2284;4890;18560;38.4;19.5;;;24.3;;;;10.2;36;61.1;52.5;3.3;5.3;36.5;7.7;7.8;2.6;3.2;2;-13.1;10220;30450;3
569;2383;4780;23080;59.9;10.4;;;;;;;;15.5;50;40;3.3;6.7;46.5;21.1;2.8;1.1;1;0.7;-20.4;12490;42870;3.4
570;2345;5784;20590;49.1;12.8;;19.4;;;;;5.7;28.9;76.7;68.8;3.1;4.8;25.3;7.3;5.7;2.7;1.7;1.3;-15;11620;33920;2.9
571;2397;4548;18770;38.7;18.4;;;;;;;8.9;35.2;52.5;44.5;2.5;5.5;44.4;8.4;7.7;1.9;3.8;2;-13;10660;30860;2.9
572;2235;4634;19570;44.6;16.5;;;22.5;;;;7;33.4;56.9;50.5;2.9;3.5;41.2;8.7;6.6;2;2.7;1.9;-13.4;10920;31800;2.9
573;2569;4916;19860;43.1;15.2;;;;;;;9.7;26.1;53.2;42.7;2.5;8;44.4;12.7;5.1;1.4;2.3;1.4;-15.4;11040;34650;3.1
574;2756;5729;20060;44.5;14.1;;;;;;;6.9;28.7;60.9;52.7;2.5;5.7;38.6;8.1;6.5;2;2.7;1.8;-14.1;11600;33500;2.9
575;2448;5620;18520;39;18.9;;26.2;22.1;;;;11.3;32.9;61.7;53.2;3.7;4.8;33.3;9;8.7;3.3;3.3;2.1;-12.7;10690;30180;2.8
576;2476;4630;18590;39.3;18.4;;;;;;;8.5;32.2;53.9;46.4;2.5;5;42.5;10.1;8.1;1.8;4;2.3;-14.6;10540;33480;3.2
577;2426;4871;19670;42.3;12.8;;;;;;;7.7;24.1;60.3;49.1;2.1;9.1;37.7;11.4;4.9;1.6;2;1.3;-14.3;11790;31860;2.7
578;2157;5424;18550;37.9;13.7;;;18.4;;;;5.8;34.1;69.8;60.4;2.9;6.5;27.1;8.5;7.2;3.6;2.1;1.5;-12.6;11630;28550;2.5
579;2546;4982;18140;35.7;21.6;;34.3;22.8;23.5;;;10.4;40.6;53.3;45.3;3.5;4.5;41.7;8.7;9.1;2.2;4.5;2.4;-12.8;9900;30530;3.1
580;2356;5439;20370;46;9.3;;;;;;;;26.7;68.8;61;2.5;5.3;30.6;10.6;5.1;2.5;1.4;1.2;-15.1;12930;30910;2.4
581;2328;5193;19170;39.6;10.9;;;;;;;5.6;24.6;62.2;53.9;2.2;6.1;34.9;10.5;5.4;2.5;1.7;1.2;-13;12450;31000;2.5
582;2350;5362;19840;44.8;12.2;;;14.9;;;;6.2;25.3;68.6;60.9;3;4.7;30.7;7.9;5.9;2.9;1.7;1.3;-13.1;12110;29630;2.4
583;2715;5570;18690;40.8;18.2;;;26.3;21.3;;;9.8;30.9;51.2;43.3;4;3.9;46.2;9.5;6.7;1.9;3;1.8;-13.6;10390;31980;3.1
584;2413;4868;19810;44.1;13.4;;;;;;;6.7;26.9;53.6;45.6;2.7;5.3;43.5;11.6;4.9;1.8;1.8;1.3;-13.6;11650;31730;2.7
585;2906;6333;19350;43.5;19;;22;21.5;23.9;13.8;;12.3;32.4;55.5;43.7;3.5;8.3;40.9;12.9;6.1;2;2.7;1.4;-15.4;10140;33870;3.3
586;2133;4497;19250;44.3;17.7;;;;;;;9.1;32.4;63.8;54.3;5.7;3.8;36.4;6;7.5;2.3;3.1;2.1;-13.7;10650;30690;2.9
587;2166;4719;17830;38.7;22.5;;31.4;30.5;21.7;;;9.9;36.2;62.8;54.5;4.5;3.8;34.7;7.3;8.6;2.7;3.7;2.2;-13.4;9860;29740;3
588;2291;4607;19720;41.1;13.5;;;;;;;8.3;24.9;57.4;48.9;2.2;6.3;39.6;10.1;5.8;1.9;2.4;1.5;-12.9;11810;30790;2.6
589;2476;5158;20680;50.2;11.5;;;;;;;;19.5;64.3;55.6;3;5.7;34.8;10.7;5.4;1.9;2;1.5;-15.2;12110;34580;2.9
590;2308;4565;20050;45.5;9.6;;;;;;;5.9;20.1;56.8;47.9;2.7;6.2;43.1;10.7;4;1.4;1.6;1;-14.6;12830;32340;2.5
591;2139;4379;19190;39.1;16.8;;;23.4;;;;9.2;32;56.9;47.9;3.2;5.8;41.5;7.6;7.4;1.7;3.8;1.9;-13.4;10840;32050;3
592;2463;4888;20610;47.8;12.7;;;;;;;;26;59.9;49.6;2.4;7.9;39.7;12.4;4.4;1.3;1.8;1.3;-16.4;11720;36600;3.1
593;2388;4920;20080;43.7;14.2;;;;;;;9.8;27.7;50.9;42.9;3.1;4.9;48.3;9;4.9;1.8;1.9;1.2;-13.1;11300;32270;2.9
594;2095;4621;19180;41.3;14;;;;;;;;27.1;62.9;54.5;2.5;5.9;35;9.3;6.7;2.8;2.2;1.7;-13.9;11430;31870;2.8
595;2275;4647;19270;39.6;16;;;;;;;9.5;32.8;55.8;47.4;3;5.4;42.4;9.5;5.3;1.5;2.3;1.5;-13;11060;32370;2.9
596;2042;4780;21280;51.2;13;;;;;;;7.6;28.2;69;63.2;2.4;3.4;32.8;8.4;5;2.2;1.8;1;-15.2;11660;35350;3
597;2221;4886;20200;44.5;13.1;;;;;;;7.1;26.7;61.7;52.6;2.1;7;35.5;12.2;5.3;2.1;2;1.2;-14.7;11820;34110;2.9
598;2325;5067;20280;45.8;11;;;;;;;5.5;24.9;61.4;52.8;2.8;5.8;37.2;8.8;6;2.2;2.3;1.5;-13.4;12380;31970;2.6
599;2785;6450;20560;48.6;9.8;;;14.2;;;;5.8;18;64.4;56.4;4;4;37.7;8;4.6;2.3;1.3;1;-14.7;12730;33140;2.6
600;2714;5051;22930;57.6;7.8;;;;;;;;15.7;43.9;33.8;3.3;6.8;54.7;16.5;2.5;0.8;1;0.7;-17.6;13350;42120;3.2
601;2189;4458;18880;40.5;16.7;;;;;;;;28.6;55.5;48.8;3.1;3.6;41.3;9.5;7.2;2.2;3;2;-13.5;10680;30550;2.9
602;2561;5281;19680;39.1;13.2;;;15;;;;;25;62.7;53.5;2.9;6.3;34.2;9.5;7.5;2.4;3.1;2;-13.9;11770;32660;2.8
603;1617;4203;18980;41.4;12;;;;;;;;17.1;76.8;70.8;2.6;3.4;22.9;5.4;7.2;4;1.7;1.5;-12.3;12370;30470;2.5
604;1804;4262;17210;36.7;24.9;;35.1;30.3;24.1;;;14.5;40.3;61;53.2;4;3.8;33.8;8.1;9.7;3.2;3.9;2.6;-12.6;9240;29910;3.2
605;2085;4457;19030;42.6;17.8;;;23.4;;;;;34.6;60.6;53.6;3.6;3.4;36.4;7.2;8.5;2.5;3.7;2.3;-12.7;10620;30690;2.9
606;3463;8925;20920;47.1;7.1;;;;;;;5;15.1;80;73.5;2.6;3.9;19.9;9;5;3;1.2;0.8;-13.9;13760;30940;2.2
607;2396;5009;19590;43.8;15.6;;;22.1;;;;7.4;27.6;59.3;50.4;3.3;5.6;38.5;9.7;6.7;1.8;3.1;1.8;-14.2;11150;33150;3
608;2433;4734;17640;30.9;19.4;;;;;;;12.8;32;46.5;39.4;3;4.1;48.4;9;7.8;2;3.7;2.1;-11.7;10540;27740;2.6
609;2159;4642;19750;41.1;11.9;;;;;;;;25.8;58.9;52.1;2.1;4.7;38.2;11.5;5.2;2.4;1.5;1.3;-13.8;12190;31910;2.6
610;2148;4292;19500;42.2;14.5;;;;;;;8.1;28.4;57.8;50.5;2.8;4.5;40.4;10;5.6;1.6;2.5;1.5;-13.8;11110;31800;2.9
611;2103;4289;19090;49.6;19.8;;;27.2;;;;;29.2;68.8;55.9;4.5;8.4;28.9;12.8;6.3;2.3;2.1;1.9;-16.8;10290;33560;3.3
612;2026;4362;22290;56;11.6;;;;;;;;19.5;71.2;61;2.8;7.4;29.9;12;4.1;1.7;1.3;1.1;-17.2;11960;39470;3.3
613;2168;4848;20750;49.6;10.2;;;;;;;;21.8;65.1;56.3;3.1;5.7;34.9;9.6;5.1;2.1;1.8;1.2;-14.7;12620;34170;2.7
614;2617;5843;18590;34.3;14.9;;;16.7;;;;8.9;27.9;62.2;52.5;2.8;6.9;35.1;7.2;7;2.8;2.5;1.7;-11.5;11090;28680;2.6
615;1987;4471;18500;40.5;19.9;;23.9;22.8;;;;8.1;37.5;66.3;57.2;3.3;5.8;29.4;8.5;9.2;3;3.8;2.4;-13.4;10210;31100;3
616;2279;4546;19380;42;15.4;;;;;;;9;28.2;53.4;44.4;3;6;45.1;9.9;6.2;1.4;3.1;1.7;-14.6;10960;34240;3.1
617;2182;4788;21090;54.6;8.9;;;;;;;6.3;;57.4;46.5;3;7.9;40.9;16.5;2.6;1.3;0.8;0.5;-17.4;13240;37860;2.9
618;2034;4886;21820;53.6;10.3;;;;;;;;23.5;78.4;72.6;3.1;2.7;26.9;6.3;3.9;1.9;1.2;0.8;-15.5;12610;35990;2.9
619;2075;3892;19610;41.8;11.5;;;;;;;8.5;19.2;57.8;48.9;2.3;6.6;40;11.1;4.6;1.2;2.3;1.1;-13.5;12220;31680;2.6
620;2125;4985;21560;50.4;9.2;;;;;;;;16.6;78.3;71.4;3.1;3.8;24.3;7.7;5.1;2.6;1.4;1.1;-15.4;12990;37040;2.9
621;1985;4001;19360;41.6;16.3;;;;;;;10.6;33;57.3;48.8;2.5;6;41.1;9.5;5.4;1.7;2.4;1.3;-13.3;10840;32780;3
622;2260;4747;17750;36.3;21.1;;;27.2;;;;13.3;37.3;55;46.6;3.4;5;41.8;8;7.7;2.4;3.4;1.9;-12.5;10080;29830;3
623;2071;4593;18810;41.2;15.6;;;;;;;7.7;31.3;63.2;55.9;2.7;4.6;37;7.5;6;2.1;2.4;1.5;-13.7;11410;29470;2.6
624;2374;4629;21550;54.1;11;;;;;;;7.7;21.2;51;37.7;2.8;10.5;47;17.5;2.5;1;0.9;0.6;-18;12280;43320;3.5
625;1656;3885;18660;41.8;23.4;;36;37.1;;;;15.2;40.9;59.2;50.1;5.9;3.2;32.5;13.9;6.6;2.1;2.7;1.8;-12.2;9390;33400;3.6
626;2012;4594;22260;56.3;8.3;;;;;;;;17.5;67.2;60.9;2.5;3.8;36.5;6.8;4.5;1.8;1.7;1;-15;13350;36540;2.7
627;2182;4140;20430;50.5;17.1;;;27.8;;;;9.5;29.3;46.6;36.5;2.8;7.3;53.4;11.6;4.5;1.2;2;1.3;-16.1;10600;34760;3.3
628;2442;4890;23720;62.6;10.7;;;;;;;7;18.5;43.7;32.4;3.3;8;52.6;21.6;2.1;0.7;0.9;0.5;-20;12440;46670;3.8
629;1734;3979;22690;58.2;9.1;;;;;;;;20.2;74.5;67.7;2.4;4.4;29.4;8.1;3.9;1.9;1.1;0.9;-15.9;13270;37290;2.8
630;1916;4635;17070;34.3;24.9;;34.3;29.9;24;20;;14.4;40.1;62.2;51.6;4.5;6.1;32.1;10.8;8.8;3.1;3.5;2.2;-13.9;9710;29630;3
631;2952;6824;20390;45.1;10.2;;;;;;;6.4;18.9;70.3;62.7;2.8;4.8;29.8;7.7;5.3;2.4;1.8;1.1;-13.1;12610;30720;2.4
632;2058;4429;20460;48.8;11.4;;;;;;;;22.6;63.9;56.1;2.8;5;37.7;7.8;5.2;2.2;1.8;1.2;-14.6;12240;32390;2.6
633;2036;4115;21020;50.9;9.8;;;;;;;;16.9;61.3;53.5;2.5;5.3;38;12.1;4.9;1.9;1.6;1.4;-16.3;12810;35450;2.8
634;2262;4813;19530;42.2;13.2;;;;;;;;27;55.4;48.7;2.9;3.8;45;6.7;6.1;2;2.5;1.6;-13.2;11840;29620;2.5
635;1970;4198;18440;40.5;19.2;;;;;;;10.6;40.3;54.4;47.1;3.3;4;45.2;7.1;6.2;2.3;2.4;1.5;-12.9;10180;29600;2.9
636;1831;4083;17780;35;21.5;;;22.7;25.3;;;10.2;39.9;57.9;50.9;3.3;3.7;34.3;11.4;8.3;2.6;3.5;2.2;-11.9;9880;28910;2.9
637;2083;4211;19000;42.2;16.6;;;;;;;8.8;28.6;56.2;46.2;2.7;7.3;40.1;11.8;6.6;1.8;3;1.8;-14.7;10760;33180;3.1
638;2211;4639;18570;39.1;19.3;;;23.2;;;;11.5;34.4;57;45.8;3.7;7.5;39.2;13.2;5.4;1.6;2.3;1.5;-14.8;10330;32590;3.2
639;1742;3396;18680;37.4;17;;;;;;;;26.4;57.1;49.6;2.9;4.6;38.2;9.2;8.3;2.1;3.8;2.4;-12.8;11070;29590;2.7
640;3010;6718;18730;39;15.8;;21.5;19.6;18.8;;;9.3;28.9;61.3;52.9;3.1;5.3;36.8;8.4;6.3;2.7;2.1;1.5;-12.8;11190;29490;2.6
641;2305;5076;21270;49.7;8.8;;;;;;;;18;53.7;45.6;2.8;5.3;45.8;10.7;4.1;2;1.2;0.9;-14.3;13180;34110;2.6
642;2086;4311;19260;37.4;13.5;;;;;;;7.2;28.5;61.1;53.4;2.6;5.1;38.4;7.1;6.1;2;2.5;1.6;-12.7;11580;30440;2.6
643;2067;4301;18820;39.8;17.1;;;22.7;;;;11.3;29.3;61.4;53.8;3.4;4.2;36.3;10.2;6;1.9;2.5;1.6;-13.9;11140;32020;2.9
644;1706;3355;18150;36.8;21.6;;;;;;;10.9;34.7;51.4;44.2;3.3;3.9;44.1;9;7.6;2;3.3;2.3;-12.1;10140;29210;2.9
645;1910;3821;20210;49.2;15.3;;;;;;;;22.6;62.7;56;2.8;3.9;38.5;7.6;6.4;1.8;2.9;1.7;-15.2;11190;35720;3.2
646;2069;4505;20660;50.8;11.5;;;;;;;;24.1;59.8;54.2;2.5;3.1;39.8;9.7;5.5;2.5;1.8;1.2;-14.8;12280;32170;2.6
647;1988;3995;20330;46.2;11.6;;;;;;;7.1;22.8;59.9;51.3;2.5;6.1;40.7;9.5;4.8;1.6;2;1.2;-14.9;12130;35190;2.9
648;2069;4116;18490;38.3;18.6;;;;;;;10.2;30.7;58.8;48.8;4.1;5.9;38.1;8.3;7.3;2;3.2;2.1;-12.5;10470;30420;2.9
649;1947;4419;24170;65.6;8.8;;;;;;;7.3;;77.6;60;3.5;14.1;19.7;21.9;1.7;1.1;0.3;0.3;-20.9;13250;46460;3.5
650;3442;8000;20820;49.4;10;;;11.4;;;;6.2;22.8;66.4;58.6;3;4.8;33.9;9.5;4.6;2.1;1.6;0.9;-14.4;12640;33550;2.7
651;2139;4367;20350;44.4;15.4;;;;;;;8.7;29.3;51.4;42.3;3.4;5.7;45.5;14.1;4.5;1.7;1.6;1.2;-15.5;10640;37040;3.5
652;1971;3812;18890;39.6;15;;;;;;;8.3;30.3;51.4;41.4;2.9;7.1;44.3;10.7;6.8;1.8;3.3;1.7;-13.2;11210;31860;2.8
653;1829;3943;19190;40.3;13.7;;;;;;;;32;57.4;48.6;3.3;5.5;38.8;10.7;5.5;2.3;1.8;1.4;-12.4;11430;29390;2.6
654;1803;3680;19300;43.8;17.1;;;;;;;;32.1;56.7;49.1;2.8;4.8;41;8.4;7.3;2.1;3.2;2;-13.4;10820;31110;2.9
655;1737;3728;18520;41.9;18.3;;;;;;;8.8;35;62.7;54.6;3.3;4.8;36.3;6.5;7.4;2.6;3;1.8;-12.9;10900;30060;2.8
656;1811;3812;19640;42.8;14.4;;;;;;;7.8;29.3;64.3;57.9;2.7;3.7;34.6;8.2;6.2;2.3;2.4;1.5;-13.3;11560;30250;2.6
657;1638;3733;17500;42.1;26.4;;34.2;32.7;;;;;38.2;69.8;62.8;3.9;3.1;27.1;8.9;7.9;3.4;2.4;2.1;-13.7;9790;31000;3.2
658;1684;4120;21420;51.4;12.3;;;;;;;;23.4;73.2;65.9;3.8;3.5;27.8;9.3;5.3;2.4;1.7;1.2;-15.6;11850;35770;3
659;1423;3046;16960;38.2;22.4;;;28.6;;;;;32.1;57.7;49.8;3;4.9;36;10.2;9.8;3.2;3.8;2.8;-13.7;10380;30380;2.9
660;1972;4385;20180;49.6;12.6;;;;;;;;27;67.9;61;3.7;3.2;33.5;5.9;6;2.5;2.1;1.4;-13.3;11940;30940;2.6
661;1811;3937;19730;42.8;11.6;;;;;;;7.5;23.8;65.2;58.1;4.2;2.9;34.9;6.8;5.2;2.2;1.8;1.2;-12.1;12110;29850;2.5
663;1689;3284;19870;43.8;13.5;;;;;;;;27.1;54.7;47.9;2.4;4.4;43.6;9.1;5.6;1.6;2.4;1.6;-13;11500;29900;2.6
664;1950;4113;25520;59.9;9;;;;;;;;19.4;86.7;79.4;4.8;2.5;22.4;6.5;3.6;1.1;1.5;1;-19.2;13080;44620;3.4
665;1690;3539;19090;39.1;20.2;;;;;;;9.8;41.1;59.4;49.4;2.5;7.5;35.5;11.2;7.2;2.2;3.2;1.8;-13.3;9770;31770;3.3
666;1773;3564;19480;44.4;17.2;;;;;;;;30.3;55.5;48.6;3.1;3.8;41.3;10.5;6.2;1.9;2.7;1.6;-13.5;10610;32910;3.1
667;2055;4216;17360;35.8;24.9;;39.2;31.8;24.9;;;15.5;46.5;54.8;43.2;3.1;8.5;41.3;8.8;8.1;2.5;3.7;1.9;-13;9380;29090;3.1
668;1865;4526;19960;40.8;11.6;;;;;;;7.3;30.1;71.2;63.9;3.1;4.2;26.4;9.2;6.1;3.2;1.7;1.2;-12.9;12020;30890;2.6
669;1806;3729;19840;41.6;14.7;;;;;;;10.1;25.7;63;53.3;2.7;7;34.1;10.9;5.4;2;2.1;1.3;-13.4;11460;32080;2.8
670;1972;3875;19770;49.1;14.8;;;;;;;;22.4;63.3;49.9;4.8;8.6;33.5;14.2;4.4;1.6;1.5;1.3;-15.4;11670;34790;3
671;1804;3618;18220;38;18.5;;;;;;;10.2;38.1;51.7;42.7;2.3;6.7;43.5;11.6;6.5;1.9;2.8;1.8;-13.3;10530;32110;3
672;1866;3787;19080;41.6;14.3;;;;;;;10.4;32.8;55.9;45.1;2.8;8;42.5;9.5;5.3;1.9;2.3;1.1;-13.2;11530;30460;2.6
673;1959;4278;21690;51.1;8.6;;;;;;;;21.1;68.9;59.9;3.5;5.5;33.3;8.2;4.5;2;1.5;1;-14.9;13190;34530;2.6
674;1752;3794;18590;42.3;18.5;;;26.6;;;;;33.2;57.9;50.5;3.2;4.2;37.7;11.1;7.6;2.1;3.5;2;-14.3;10670;31450;2.9
675;1490;3334;16510;32.1;26.9;;;34.8;;25.2;;17.3;40.7;54.4;46.4;3.4;4.6;41;6.1;9.5;3.1;4.1;2.3;-11;9440;26950;2.9
676;1883;3991;20380;44.8;13.7;;;;;;;9.8;21.6;56.6;47.1;1.8;7.7;38.4;14.8;4.9;1.6;2.1;1.2;-14.7;11600;35000;3
677;2088;4185;19410;40.4;13.5;;;;;;;8.7;22.6;52;43.8;3;5.2;44.1;10.4;5.7;1.9;2.3;1.5;-12.2;11560;30120;2.6
678;1988;4809;20990;52.9;11;;;;;;;;23.1;68;61.7;2.9;3.4;33.8;7.5;5.1;2.5;1.4;1.2;-14.4;12400;34640;2.8
679;1762;3525;20020;45.3;12.6;;;;;;;8.9;21.1;58.8;50.8;3;5;40.8;9.8;4.8;1.5;2.1;1.2;-14.2;11570;33380;2.9
680;1938;4051;18810;37.3;16.1;;;;;;;9;33.6;52.1;44.3;3.1;4.7;44.9;9.5;5.9;2.3;2;1.6;-12.4;11000;28660;2.6
681;2110;4506;22650;56.2;9.5;;;;;;;;18;68.2;55.2;3.8;9.2;31.7;14.3;3.6;1.5;1.2;0.9;-17.8;12840;39960;3.1
682;1679;3753;18720;37.5;16.1;;;;;;;;29.3;62.5;52.6;4.4;5.5;35.3;7.9;6.8;2.7;2.4;1.7;-12.5;11060;30280;2.7
683;1820;4486;20420;47.5;9.5;;;;;;;6.5;19.9;73.5;64.4;3.2;5.9;25.2;9.6;5.4;2.8;1.6;1;-13.7;12890;30700;2.4
684;1856;3984;19680;41.6;13.1;;;;;;;;26.2;62.5;54.8;2.6;5.1;37.3;7.8;5.9;2.2;2.3;1.4;-13.5;11900;30090;2.5
685;1815;3637;19080;39.9;17.2;;;;;;;10.3;33.4;57.9;49.4;2.4;6.1;39;10.2;6.7;1.8;3.1;1.8;-13.8;10500;32620;3.1
686;1808;3658;17810;38.7;21.3;;;;;;;10.2;35.8;53.2;45.2;3.5;4.5;43.3;7.2;8.2;2.8;3.1;2.3;-11.9;9990;28970;2.9
687;1546;3546;18290;34.1;18.3;;;;;;;;32.5;59.1;52.3;2.9;3.9;32;12.5;8.1;3;3;2.1;-11.7;10770;29630;2.8
688;1659;3794;19100;41.1;16.6;;;;;;;;31.5;67.7;59.4;4.2;4.1;28.9;9.8;6.8;2.9;2.2;1.7;-13.2;10680;30120;2.8
689;2012;4250;19930;42.8;11.2;;;;;;;;23.4;56.9;50.6;2.9;3.4;39.6;12.3;5.2;2.1;1.8;1.3;-14;12240;33090;2.7
690;1648;3612;19040;36.9;11;;;;;;;;27;60.7;53.1;2.3;5.3;37.3;8.5;6.4;2.5;2.4;1.5;-12.9;12210;28710;2.4
691;1711;3467;19440;45.2;14;;;;;;;;23.7;51.6;40.3;2.6;8.7;46.7;12;4.6;1.5;1.8;1.3;-14.9;11630;36010;3.1
692;1290;3092;18340;40.1;15.5;;;;;;;;23.3;74.2;66.4;2.8;5;24.2;6.2;7.7;3.9;2;1.8;-12.3;11260;28690;2.5
693;1537;3393;18250;37.1;19.4;;;;;;;12.5;37.2;58.7;52.5;3.8;2.4;38.6;10;6.1;2.4;2.2;1.5;-13.4;10580;30070;2.8
694;1813;3905;19080;39.9;14.3;;;;;;;9.5;28.8;61.9;54.4;2.6;4.9;35.3;9.7;5.8;2.2;2.3;1.3;-12.7;11330;30540;2.7
695;1648;3541;19210;45.8;21;;;24.6;;;;13.3;27.4;67.2;54.7;4.3;8.2;29.6;12.5;6.9;2;3.1;1.8;-16.2;10030;34560;3.4
696;1522;3347;18850;42.1;18;;;;;;;;29.6;60.6;51.9;3.3;5.4;36;7.4;8.9;2.9;3.6;2.4;-12.9;10230;30120;2.9
697;1656;3332;19520;45.9;14.9;;;;;;;;26.5;62.9;57.1;2.8;3;37.4;6.6;6.1;2.1;2.4;1.6;-13;11220;30910;2.8
698;1894;3863;20140;45.7;14.3;;;;;;;7.8;27.9;53;45.1;3.4;4.5;45.6;9.8;5.6;2.1;2;1.5;-14;11670;31760;2.7
699;1627;3458;19240;44.7;16;;;;;;;;28;64;55.1;2.9;6;32.6;10.6;6.8;2.6;2.4;1.8;-14;11020;31260;2.8
700;1629;3583;18710;37.8;19.1;;;;;;;11.8;33.6;60.2;51;2.9;6.3;35;10.9;7.3;2.4;3.1;1.8;-13.4;10420;31220;3
701;1665;3701;19850;41.4;11;;;;;;;7.3;;69.6;61.2;4.2;4.2;31.2;5.9;5.8;3;1.7;1.1;-12.5;12310;29480;2.4
702;1737;3501;18320;38.2;17.4;;;;;;;;32.1;54.1;46.7;3;4.4;41;9.9;7.9;2.3;3.4;2.2;-12.9;10330;29680;2.9
703;1699;3434;19580;42;17.3;;;;;;;10;30.9;56.3;44.1;3.6;8.6;40;12.3;5.6;1.8;2.4;1.4;-14.2;10530;34450;3.3
704;1689;3905;21260;49.5;9.4;;;;;;;;22.9;69.3;62.4;3;3.9;31.1;9.9;4.2;2.1;1.2;0.9;-14.5;13060;33690;2.6
705;1906;3851;19880;43.4;10.8;;;;;;;7;22.7;49.2;37.7;3;8.5;49.5;11.6;3.7;1.5;1.3;0.9;-14;12430;31040;2.5
706;1660;3483;19500;41.3;13.8;;;;;;;9;30.5;60.5;51.2;3.5;5.8;39;8.5;5.3;2.2;1.9;1.2;-13.3;11790;30160;2.6
707;2208;5527;20970;45.6;5.1;;;;;;;;;73.6;65.5;2.3;5.8;26.9;8.8;4;2.5;0.8;0.7;-13.3;14660;30520;2.1
708;1505;3672;21130;51.7;8.1;;;;;;;;;73.6;66;2.2;5.4;28.2;7.9;4.5;2.5;1.1;0.9;-14.2;13130;32900;2.5
709;1863;4013;23420;59.2;11.1;;;;;;;8.1;17.9;71.6;59.3;3.8;8.5;28.5;15.8;2.3;1.3;0.6;0.4;-18.2;12330;43140;3.5
710;1384;3236;17890;40.3;24.7;;;29.6;;;;;38.9;68.7;54.1;3;11.6;30.6;9.7;7.4;2.2;3.2;2;-16.4;8840;34630;3.9
711;1561;3075;20160;44.2;12;;;;;;;;24.6;55.4;46.2;2.1;7.1;42.1;12.4;3.8;1.3;1.4;1.1;-13.7;12370;33450;2.7
712;1441;3057;18180;39.5;19.8;;;;;;;10.5;35.4;59.2;51.6;3.2;4.4;38.5;6.6;8.2;2.3;3.9;2;-12.5;10640;29150;2.7
713;1632;3439;20710;45.5;9;;;;;;;;;60.7;52.3;2.4;6;39.3;8.7;4.9;1.8;2;1.1;-13.6;12860;34790;2.7
714;1508;3094;19410;45.6;16.8;;;;;;;;30.2;61.4;55.4;4.4;1.6;38.2;7.9;7.3;2.1;3;2.2;-14.8;10580;33440;3.2
715;1480;3239;19260;42.4;14.4;;;;;;;10;27.9;59.2;52.4;3.5;3.3;41;7.1;5.3;2;1.9;1.4;-12.6;11430;30770;2.7
716;1537;3459;21120;50.7;8.4;;;;;;;;;61.1;51.7;2.3;7.1;38.2;11.4;4.1;1.7;1.5;0.9;-14.8;12980;36500;2.8
717;1536;3764;20350;45;8.6;;;;;;;;;77.2;70;2.5;4.7;24.1;6.7;5.1;2.8;1.3;1;-13.1;13300;29410;2.2
718;1546;3928;20560;45.7;6.7;;;;;;;;;78.2;70.3;2.6;5.3;22.4;6.9;5.2;3.3;1.1;0.8;-12.7;13550;29710;2.2
719;1676;3699;19290;40.6;16.8;;;;;;;9.1;32;58.6;50.7;3;4.9;38.6;8.9;6.7;2;2.9;1.8;-12.8;10860;30440;2.8
720;1303;3242;21280;49;;;;;;;;;;75;66.9;2.5;5.6;27.7;6.8;4.5;2.7;1;0.8;-14;14700;33800;2.3
721;1449;3077;19410;43.3;15.6;;;;;;;;30.3;61.7;52;2.8;6.9;35.7;9.7;7;2.5;2.7;1.8;-14.1;11460;32590;2.8
722;1387;2934;18390;37.8;18.7;;;;;;;;30.4;59.6;50.9;3.4;5.3;37.7;7.9;7.7;2.7;2.9;2.1;-12.9;10280;30220;2.9
723;1496;3324;23250;62.8;9.3;;;;;;;;;82.3;67.3;4;11;19.9;15.8;2.3;1.3;0.6;0.4;-20.3;12970;41510;3.2
724;1489;2826;18600;36.5;17.2;;;;;;;11.3;32.6;51.8;42.4;2.4;7;45.5;8.2;7.5;2;3.6;1.9;-13;10420;31040;3
725;1268;2607;17680;39.6;22.5;;;;;;;;35.4;61.3;47.2;3.9;10.2;33.6;10.9;10;2.8;4.2;3;-15.8;9890;31340;3.2
726;1354;2612;21170;51.8;13.2;;;;;;;;27.8;62.6;43.2;2.4;17;34.5;17.5;4.3;1.1;1.9;1.3;-18.9;11980;42840;3.6
727;1450;3364;21080;48.4;10.1;;;;;;;;19;67;60.4;3.3;3.3;33.7;7.3;5.9;2.3;2.1;1.5;-13.9;12560;33540;2.7
728;1460;2688;18880;41.5;16.3;;;;;;;;25.8;55.6;47.4;2.6;5.6;43.2;9.3;5.8;1.6;2.5;1.7;-13.9;11130;32430;2.9
729;1462;3434;19460;38.5;13.1;;;;;;;;25;70.2;61.6;3.2;5.4;29.1;6.7;6.7;3.1;2.1;1.5;-12.7;11520;30370;2.6
730;1432;2984;19370;40.5;11.8;;;;;;;;24;56;48.2;2.6;5.2;40.1;11.6;5.9;1.8;2.7;1.4;-13.6;12120;30630;2.5
731;1110;2130;20550;45.2;12.7;;;;;;;;;63.2;53.9;2.3;7;37.8;8.6;5;1.7;2;1.3;-14.6;11510;33990;3
732;1405;2919;18390;35.6;18.1;;;;;;;;28.2;59.1;49.4;3;6.7;36.1;10.6;6.9;2;2.9;2;-12.7;10790;31650;2.9
733;1197;2654;18300;42;20.5;;;;;;;;36.6;60.9;53.8;3.5;3.6;36.6;10;7.3;2.5;2.9;1.9;-14.8;9990;32550;3.3
734;1476;3221;20390;46.7;12.5;;;;;;;;28.9;65.7;59.1;2.7;3.9;36.1;7.4;5;2.4;1.4;1.2;-14.2;12110;32940;2.7
735;3696;8641;18940;34.7;12.8;;13;16.6;;;;8.1;24.4;66.1;56.7;3.3;6.1;31.8;7.8;5.9;2.9;1.7;1.3;-11.6;11720;28110;2.4
736;1311;2863;19400;44.3;13.4;;;;;;;;26.2;65.4;57.2;2.3;5.9;34.7;9.8;4.1;1.5;1.6;1;-14;11850;31520;2.7
737;1320;3346;24820;65.6;;;;;;;;;;82.7;78.5;2.3;1.9;25.1;5.7;2.7;1.7;0.6;0.4;-16.2;14500;39480;2.7
738;1377;3001;19950;46.3;14.6;;;;;;;;19.9;67.9;61;3.1;3.8;33;6.6;6.8;2.3;2.8;1.7;-14.3;11470;34890;3
739;1459;2776;20040;46.6;11.4;;;;;;;;;54.5;44.4;2.2;7.9;43.8;12.7;4.6;1.2;2;1.4;-15.6;12290;34470;2.8
740;2157;5007;19250;38;13.8;;;16.2;;;;9.4;29.6;66.2;56.3;2.5;7.4;31.4;9.4;5.8;2.7;1.9;1.2;-12.8;11750;30080;2.6
741;1378;2717;19420;43.5;16.5;;;;;;;;27.5;57.5;47.5;2.7;7.3;38.3;12.4;6.4;2.1;2.5;1.8;-14.6;11230;34170;3
742;1217;2767;17770;40.7;20.6;;;;;;;;39.6;62.9;54.4;3.5;5;35.2;7.6;8.3;3.1;3.2;2;-14;10320;30810;3
743;1335;2785;19950;49.2;15;;;;;;;;29.2;65.8;43.8;3.1;18.9;31.9;14.5;5.6;2.1;1.9;1.6;-17.8;11060;37980;3.4
744;1222;2771;19870;46.6;15.3;;;;;;;;27.2;67.9;60.8;4.4;2.7;32.1;6.7;6.2;2.9;1.8;1.5;-12.9;11480;31200;2.7
745;1743;3852;20470;45.5;10.3;;;;;;;;26.9;67.3;59.4;2.9;5;32.8;7.4;5.4;2.4;1.9;1.1;-12.9;12590;30770;2.4
746;1228;2544;20680;50.8;12;;;;;;;;;53.9;48.5;2.1;3.3;46.5;8.2;4.7;2;1.5;1.2;-13.3;11840;30530;2.6
747;1118;2721;18440;41.9;17.7;;;;;;;;31.9;70.7;63.4;3.7;3.6;27.6;5.7;8.6;3.7;3;1.9;-12.6;11010;28860;2.6
748;1138;2485;17650;37.7;22.1;;;;;;;;37.4;61.2;53.5;2.9;4.8;32.3;10;9.8;3;4.3;2.5;-13.3;10130;30040;3
749;1182;2326;18740;42.3;16.4;;;;;;;;27.3;58.9;49.2;2.5;7.2;38.3;10.5;6.3;1.9;2.8;1.6;-14;10960;31790;2.9
750;1184;2640;18880;34.7;12.9;;;;;;;;26.3;64.4;56.9;3;4.5;32.8;8.3;6.7;2.8;2.2;1.7;-12.2;11920;30960;2.6
751;1019;2094;20080;42.7;13.4;;;;;;;;;62.2;51.8;3.1;7.3;35.8;11.2;5;1.7;2;1.3;-14.2;11840;33540;2.8
752;1211;2628;19740;46.1;13.8;;;;;;;;30.9;62;55.2;2.8;4;38.3;7.4;6.1;2.5;2.2;1.4;-13.8;11770;32240;2.7
753;1231;2468;18980;34.4;12.5;;;;;;;;28.3;52.9;46;2.5;4.4;41.6;11.6;5.8;1.8;2.3;1.7;-11.9;11850;29600;2.5
754;1150;2359;19350;41.7;18.6;;;;;;;;39.6;56;45.7;3.1;7.2;40.9;9.6;6.9;2.6;2.4;1.9;-13.4;10710;30710;2.9
755;2020;4873;19890;40.5;9.6;;;;;;;;20.3;69.4;61.9;2.6;4.9;30.1;7.3;6.1;3.1;1.7;1.3;-12.9;12770;29870;2.3
756;1168;2820;21100;49.7;12;;;;;;;;23.1;75.2;69.4;2.8;3;26.2;6.1;5.7;3;1.4;1.3;-13.2;12050;32750;2.7
757;1274;2761;19340;38.9;10.5;;;;;;;;21.4;61.6;55.1;2.6;3.9;36.3;9.7;5.4;2.6;1.4;1.4;-13;12560;29800;2.4
758;1041;2317;25430;19;13.2;;;;;;;;;14.9;11.9;2.2;0.8;14.3;72.9;2.1;0.6;1.1;0.4;-4.2;11020;42830;3.9
759;2141;4725;19150;37.6;13.8;;;22.6;;;;7.9;24.4;60.1;51.5;2.4;6.2;34.6;10.1;7.3;2.7;2.9;1.7;-12.1;11520;29340;2.5
760;1259;2502;19070;42.2;16.2;;;;;;;;29.5;55.2;48.3;2.9;4;42.6;8.7;7.1;2.2;2.9;2;-13.6;11200;31590;2.8
761;1401;3208;23610;65.5;7.1;;;;;;;;;74.9;47.9;1.7;25.3;25;19.9;2.5;1.3;0.7;0.5;-22.3;14030;50690;3.6
762;1086;2501;21700;52.5;8.2;;;;;;;;;71.3;65.4;2.5;3.4;30.3;10;3.7;1.9;1.1;0.7;-15.3;13310;33620;2.5
763;940;2243;18600;37.6;15.4;;;;;;;;22.4;74;67.4;3.4;3.2;24.2;4.4;9.1;3.9;2.9;2.3;-11.7;11280;27110;2.4
764;1003;2082;19980;42.8;12.9;;;;;;;;;60.4;50.3;2.9;7.2;39.7;8.5;5.6;2.1;2.2;1.3;-14.2;11950;33000;2.8
765;1514;3509;20030;47.5;11.1;;;;;;;;22.5;67.6;59.7;3.1;4.8;34.5;6.3;4.9;2.4;1.3;1.2;-13.3;12400;31310;2.5
766;976;2197;16170;31;29.7;;;37.7;;;;;43.1;58.5;48.4;3.6;6.5;31.5;9.4;12.8;3.8;5.5;3.5;-12.2;9510;29260;3.1
767;1058;2148;18150;34.5;16.5;;;;;;;;26.6;55;43.8;3.7;7.5;40.8;9.5;7.7;2.1;3.6;2;-13;10850;31900;2.9
768;1085;2417;19660;45;12.2;;;;;;;;;66;58.6;2.2;5.2;33.3;8.6;5.6;2.6;1.6;1.4;-13.5;11630;30830;2.6
769;2690;6583;19290;38.7;13.5;;;13.8;;;;9.8;26.4;71.1;61.6;3.1;6.4;26.6;8.5;6;3;1.8;1.2;-12.2;11500;28370;2.5
770;1057;2541;22640;56.3;11;;;;;;;;30.3;76;70.8;3.1;2.1;29.1;5.6;4.3;2.1;1.2;1;-15;12350;36750;3
771;1526;3226;20230;44.3;14.7;;;;;;;9.3;28.4;55.4;47.3;1.8;6.3;42.6;9.7;5.3;1.9;2.1;1.3;-13;11030;32350;2.9
9B1;51682;119872;17360;31.8;29.3;48.3;34.6;33.1;29.1;21.8;32.1;22.7;38.9;72;62.7;4.1;5.2;23;5.5;12.3;2.9;7.4;2;-12.8;8650;35660;4.1
9B2;49602;108641;18670;39.2;26.2;46.9;32.4;29.5;26.5;18.7;24.5;15.3;34.2;74.2;65.1;3.6;5.5;23.9;5.5;10.7;2.4;6;2.3;-14.3;8930;39400;4.4
9B3;15018;34190;18910;39.1;24.2;31;25.2;27;23.9;18.7;26.4;16.8;30.7;78.9;71.2;3.5;4.2;20;4.5;10.4;2.8;5.5;2.1;-13.8;9140;38370;4.2
9B4;12953;29231;15590;26.9;34.7;60.1;41.8;37.6;34.6;28;34.5;28.1;43;66.6;56.5;4.3;5.8;25.7;3.8;15.3;3.3;9.7;2.3;-11.4;8100;32480;4
9B5;3009;6460;14380;16.7;39.8;;49;43;39.8;33.5;40.3;32.2;47.7;59.4;49.7;5.1;4.6;26.3;2.7;20.4;3.6;13.7;3.1;-8.8;7940;25630;3.2
9B6;1814;4026;14310;20.7;39.7;;52.8;46;36.3;32;34.3;28.6;47.2;61.9;52.2;4.3;5.4;23.9;5.9;19.3;4.4;10.8;4.1;-11;7810;28280;3.6
9D1;79255;207120;16530;34.3;33.3;46.9;37.2;35.4;29.9;24.8;31.4;18.3;42;78.2;66.6;4.3;7.3;15.1;6.8;14;3.9;6.8;3.3;-14.1;8590;39460;4.6
9D2;64041;182771;15870;32.3;34.5;47;36.5;36.3;31.9;28.7;37.4;27.1;42.1;78.2;65.5;5.2;7.5;13.9;6.8;14.6;4.1;7.9;2.6;-13.5;8380;37750;4.5
9D3;69202;185435;14920;26.7;39;51.6;40.4;41.2;37.9;30;39.8;30.9;48;71;57.3;5.7;8;17.3;7.4;16.5;4.3;8.7;3.5;-12.2;7970;34390;4.3
9D4;19400;58379;13410;20;45.5;62.7;50.7;48.1;39.5;34.6;43.1;29.4;58.2;70.4;57.8;5.2;7.4;11.3;5.5;22.9;6.5;11.4;5;-10.1;7820;29560;3.8
9D5;18305;54205;13110;19.7;47.3;61.2;52.7;51.2;41.3;38.1;46.2;37.2;60;68;56.8;6.1;5.1;14.1;5.3;23.3;6.5;12.4;4.4;-10.7;7680;28010;3.6
9D6;14613;39038;13450;18.5;45.6;58.6;46.6;47.4;45;35.9;48.8;38.2;56.4;65.2;51.9;6.5;6.8;17.2;5.9;21.4;5;12.2;4.2;-9.7;7380;28800;3.9
9D7;13582;39030;13250;19.5;46.5;65.9;54.6;47.1;41.2;34.4;42.1;32.8;60.5;68.8;56;5.1;7.7;13.2;4.1;23.9;6.5;12.4;5;-10;7750;29660;3.8
